Portfolio_ID,Manager_Name,Portfolio_Type,Assets_Under_Management_Million,Region,Risk_Exposure_Score,Diversification_Score,Style_Drift_Score,Governance_Compliance_Score,Overall_Risk_Level,Performance_Indicator,GIPS_Compliant,UCITS_Compliant,AIFMD_Compliant,Audit_Report_Generated,Flagged_For_Review,Flag_Reason
PORT_a4d1ec3b,Brandon Russell,Hedge Fund,2702.21,U.S.,0.38,0.56,0.34,0.05,Low,Below Benchmark,No,Yes,Yes,Yes,Yes,Style Drift
PORT_11c2a716,Steven Johnson,Equity,8792.37,Global,0.07,0.32,0.45,0.91,Low,Meeting Benchmark,Yes,Yes,Yes,No,No,None
PORT_18a4a514,Evelyn Christian,Real Assets,4795.39,Global,0.84,0.77,0.34,0.8,Low,Meeting Benchmark,No,Yes,No,No,No,None
PORT_e15d4d4a,George Cook,Real Assets,8906.48,Global,0.52,0.42,0.51,0.85,High,Above Benchmark,Yes,No,No,Yes,No,None
PORT_1f5301c4,Aaron Graham,Real Assets,3942.37,U.S.,0.72,0.39,0.78,0.02,High,Above Benchmark,No,Yes,No,Yes,No,None
PORT_d6641405,Kyle Jones,Real Assets,7250.45,U.S.,0.64,0.99,0.96,0.63,Low,Meeting Benchmark,No,Yes,Yes,No,No,None
PORT_8c01172a,Jerome Whitehead,Hedge Fund,489.09,EU,0.46,0.02,0.8,0.68,Moderate,Meeting Benchmark,No,Yes,Yes,Yes,No,None
PORT_f07133c0,Charles Tyler,Equity,874.91,U.S.,0.8,0.38,0.55,0.64,Low,Below Benchmark,No,No,Yes,No,No,None
PORT_d72e9eb8,Thomas Berry,Equity,6409.32,EU,0.88,0.42,0.72,0.68,Moderate,Meeting Benchmark,Yes,Yes,Yes,No,No,None
PORT_1699afbb,Ryan Mack,Fixed Income,9141.54,Asia-Pacific,0.78,0.39,0.13,0.97,High,Above Benchmark,Yes,No,No,Yes,No,None
PORT_18c2df19,Robert Clark,Hedge Fund,6701.05,Asia-Pacific,0.45,0.74,0.72,0.71,Moderate,Below Benchmark,No,Yes,Yes,No,No,None
PORT_2289ada8,Kelsey Pacheco,Real Assets,5587.95,Asia-Pacific,0.5,0.55,0.37,0.89,Moderate,Above Benchmark,No,Yes,Yes,No,No,None
PORT_94578c0b,James Hammond,Equity,9385.71,U.S.,0.96,0.51,0.76,0.89,Low,Above Benchmark,No,Yes,Yes,No,No,None
PORT_48a6324c,Melinda Little,Real Assets,1397.69,Global,0.49,0.4,0.03,0.71,High,Below Benchmark,No,No,Yes,Yes,Yes,Diversification Breach
PORT_fc3b46cd,Stefanie Tucker,Equity,8987.77,Global,0.34,0.58,0.69,0.36,Moderate,Below Benchmark,No,No,No,Yes,No,None
PORT_d85514a7,Jade Johnson,Balanced,8124.03,EU,0.82,0.18,0.98,0.06,Moderate,Below Benchmark,No,Yes,No,No,No,None
PORT_4c8d2d8e,Catherine Wilkins,Equity,9086.72,Asia-Pacific,0.05,0.38,0.59,0.3,Moderate,Meeting Benchmark,No,Yes,No,No,Yes,Conflict of Interest
PORT_cd74abf1,Mary Jackson,Real Assets,5736.64,EU,0.95,0.46,0.57,0.92,Moderate,Above Benchmark,Yes,Yes,Yes,No,No,None
PORT_7888533f,James Jones,Fixed Income,4799.35,U.S.,0.47,0.54,0.33,0.37,Low,Meeting Benchmark,Yes,No,No,Yes,No,None
PORT_c6307162,Kenneth Rogers,Hedge Fund,2314.39,U.S.,0.87,0.29,1.0,0.36,Low,Meeting Benchmark,Yes,No,Yes,Yes,No,None
PORT_a397ab97,Brandon Fuller,Real Assets,8404.4,Asia-Pacific,0.5,0.88,0.22,0.53,Low,Below Benchmark,No,Yes,Yes,No,Yes,Diversification Breach
PORT_0ed24d8f,Harold Perez,Hedge Fund,1153.93,Global,0.76,0.44,0.36,0.49,Low,Above Benchmark,Yes,Yes,Yes,Yes,No,None
PORT_2f08fb85,Misty Stout,Equity,4151.62,Asia-Pacific,0.55,0.04,0.94,0.73,Moderate,Meeting Benchmark,No,Yes,No,Yes,Yes,Style Drift
PORT_f114b751,Wendy Maynard,Balanced,2159.51,U.S.,0.75,0.79,0.47,0.41,High,Meeting Benchmark,No,No,Yes,No,No,None
PORT_428e7717,Cynthia Webb,Equity,2903.52,Global,0.73,0.91,0.13,0.46,Moderate,Meeting Benchmark,Yes,No,No,No,Yes,None
PORT_984a6482,William Wallace,Hedge Fund,9369.35,U.S.,0.51,0.89,0.09,0.66,High,Above Benchmark,Yes,No,Yes,No,No,None
PORT_1948c0b5,Amanda Taylor,Fixed Income,8521.0,U.S.,0.16,0.79,0.33,0.1,Low,Below Benchmark,No,Yes,No,Yes,Yes,None
PORT_1d29cf5b,David Bell,Hedge Fund,6972.18,EU,0.67,0.36,0.96,0.82,Low,Above Benchmark,No,No,Yes,Yes,Yes,Style Drift
PORT_4e443e73,Jeffrey Fisher,Balanced,3307.45,Global,0.35,0.23,0.06,0.55,Low,Above Benchmark,No,Yes,Yes,Yes,No,None
PORT_eec8c632,Arthur Kelly,Real Assets,8951.87,Asia-Pacific,0.92,0.98,0.56,0.37,Low,Below Benchmark,Yes,No,No,No,No,None
PORT_bebf217e,Jeffrey Smith,Equity,8014.7,U.S.,0.65,0.08,0.72,0.61,Moderate,Above Benchmark,Yes,No,Yes,Yes,No,None
PORT_9b314ffb,Angel Benson,Balanced,4302.34,Global,0.28,0.89,0.98,0.16,Low,Below Benchmark,Yes,Yes,Yes,No,No,None
PORT_f702d436,William Baker,Real Assets,1058.88,U.S.,0.89,0.07,0.06,0.25,Low,Below Benchmark,No,Yes,No,Yes,Yes,Diversification Breach
PORT_1e028617,Paul Rogers,Equity,9752.85,Asia-Pacific,0.29,0.8,0.87,0.98,Moderate,Below Benchmark,Yes,Yes,Yes,Yes,No,None
PORT_3317a492,Mark Booker,Hedge Fund,8381.27,Asia-Pacific,0.94,0.18,0.9,0.39,Moderate,Above Benchmark,Yes,Yes,No,Yes,No,None
PORT_9c8331ec,Jennifer Robbins,Equity,1787.78,Asia-Pacific,0.42,0.78,0.39,0.31,Low,Above Benchmark,No,No,Yes,Yes,No,None
PORT_921f93df,Jacqueline Young,Balanced,5994.59,Asia-Pacific,0.99,0.67,0.31,0.88,Low,Below Benchmark,Yes,No,Yes,No,No,None
PORT_6a84fcfb,Shawn Brown,Fixed Income,6677.43,EU,0.9,0.06,0.58,0.19,High,Meeting Benchmark,No,No,Yes,Yes,Yes,Diversification Breach
PORT_97cb0207,Kimberly Thomas,Real Assets,9261.88,U.S.,0.21,0.04,0.86,0.53,High,Above Benchmark,No,No,No,No,Yes,Style Drift
PORT_69882c3b,Sydney Parsons,Hedge Fund,9743.9,U.S.,0.09,0.22,0.66,0.64,High,Meeting Benchmark,No,No,No,No,No,None
PORT_bf0ef7f9,Cameron Proctor,Fixed Income,5358.43,U.S.,0.99,0.93,0.89,0.6,Low,Meeting Benchmark,Yes,No,Yes,No,No,None
PORT_487ca440,Lori Pham,Hedge Fund,3766.07,Asia-Pacific,0.83,0.76,1.0,0.65,Moderate,Above Benchmark,Yes,Yes,No,Yes,Yes,Conflict of Interest
PORT_96d7a808,Antonio Taylor,Hedge Fund,8032.15,Global,0.66,0.9,0.98,0.62,Low,Meeting Benchmark,No,Yes,Yes,No,No,None
PORT_f7342486,Hannah Pitts,Fixed Income,8802.03,Global,0.34,0.94,0.63,0.42,High,Below Benchmark,No,No,Yes,Yes,No,None
PORT_7817b96b,Veronica Barnett,Real Assets,7126.2,EU,0.37,0.04,0.15,0.65,High,Meeting Benchmark,No,Yes,Yes,Yes,Yes,Style Drift
PORT_6516621b,Rick Johnson,Hedge Fund,5026.33,U.S.,0.47,0.28,0.99,0.5,Moderate,Above Benchmark,Yes,No,No,No,No,None
PORT_1c119f2b,Shelby Robertson,Hedge Fund,8654.66,U.S.,0.98,0.44,0.01,0.04,Moderate,Below Benchmark,No,Yes,No,No,No,None
PORT_60f8d49a,Jonathan Gardner,Equity,1887.31,Global,0.2,0.68,0.47,0.64,Low,Below Benchmark,Yes,No,No,No,No,None
PORT_7163c311,Steven Peterson,Balanced,2097.98,U.S.,0.12,0.13,0.52,0.6,High,Below Benchmark,No,No,Yes,Yes,No,None
PORT_0e23e6da,Jonathan Harris,Balanced,6994.93,Global,0.12,0.07,0.51,0.38,Low,Below Benchmark,Yes,Yes,No,Yes,Yes,Diversification Breach
PORT_71a9fea7,James Mays,Hedge Fund,8190.26,Global,0.93,0.44,0.45,0.04,Low,Above Benchmark,No,No,No,No,Yes,Style Drift
PORT_73d2d7c8,Craig Gonzalez,Equity,3364.49,EU,0.12,0.44,0.5,0.03,Low,Below Benchmark,No,No,Yes,No,No,None
PORT_3c572b66,Stephanie Lee DDS,Balanced,2302.59,U.S.,0.62,0.84,0.21,0.24,Moderate,Meeting Benchmark,Yes,No,Yes,Yes,No,None
PORT_f38d2a5d,Evan Peterson,Balanced,4786.5,Global,0.46,0.91,0.44,0.91,Low,Meeting Benchmark,No,No,Yes,No,No,None
PORT_1985c534,Tanya Lamb,Real Assets,6146.3,EU,0.23,0.06,0.7,0.79,Moderate,Meeting Benchmark,No,Yes,No,Yes,No,None
PORT_135fbf1a,Rachel Webb,Fixed Income,9085.01,Global,0.81,0.98,0.58,0.55,Moderate,Below Benchmark,Yes,Yes,No,Yes,No,None
PORT_7fb5f03c,Paula Scott,Hedge Fund,1587.1,Global,0.27,0.23,0.82,0.3,High,Meeting Benchmark,Yes,No,Yes,No,Yes,Conflict of Interest
PORT_7eb4e471,Laura Tucker,Balanced,6245.37,EU,0.33,0.1,0.04,0.22,Low,Below Benchmark,No,Yes,Yes,Yes,Yes,Diversification Breach
PORT_d507555e,Danny Mason,Fixed Income,6561.92,Global,0.89,0.24,0.31,0.45,Low,Meeting Benchmark,No,No,Yes,No,No,None
PORT_0607ddac,Mark Villanueva,Hedge Fund,7268.98,EU,0.91,0.14,0.23,0.74,Moderate,Meeting Benchmark,Yes,Yes,Yes,Yes,No,None
PORT_f9df85df,Lisa Simpson,Equity,989.73,EU,0.7,0.5,0.77,0.93,Moderate,Above Benchmark,Yes,No,Yes,No,No,None
PORT_f9586fa7,Barbara Williams,Balanced,2696.84,EU,0.62,0.98,0.01,0.71,Low,Below Benchmark,No,No,Yes,Yes,No,None
PORT_05b511a6,Heidi Caldwell,Real Assets,766.79,Asia-Pacific,0.1,0.45,0.02,0.27,Low,Below Benchmark,No,No,Yes,No,No,None
PORT_a6d1a28d,Ian Townsend,Balanced,3758.83,U.S.,0.23,0.36,0.93,0.25,High,Meeting Benchmark,Yes,Yes,Yes,No,No,None
PORT_d59039cc,Paul Hoover,Hedge Fund,4501.97,EU,0.18,0.18,0.68,0.21,Moderate,Above Benchmark,Yes,No,No,No,No,None
PORT_999aa97a,William Brown,Hedge Fund,5369.05,Global,0.69,0.01,0.92,0.98,Low,Meeting Benchmark,Yes,Yes,No,No,Yes,Conflict of Interest
PORT_e7d7c6fb,Jonathan Calderon,Real Assets,3237.2,U.S.,0.65,0.34,0.98,0.05,Low,Below Benchmark,Yes,No,Yes,No,No,None
PORT_28742977,Justin Richardson,Fixed Income,5330.37,EU,0.64,0.78,0.55,0.06,High,Below Benchmark,No,No,Yes,Yes,Yes,Diversification Breach
PORT_53e585a7,Barbara Baker,Hedge Fund,9996.5,Asia-Pacific,0.89,0.91,0.17,0.42,Moderate,Meeting Benchmark,No,Yes,Yes,Yes,No,None
PORT_0b7652e1,Erica Raymond,Fixed Income,1074.21,Global,0.04,0.86,0.84,0.91,Moderate,Above Benchmark,Yes,Yes,Yes,Yes,Yes,None
PORT_c1d8652c,James Rodriguez,Real Assets,6284.42,Asia-Pacific,0.64,0.19,0.8,0.81,High,Above Benchmark,Yes,Yes,Yes,Yes,Yes,None
PORT_fe0c078d,Tracey Nguyen,Balanced,2832.42,Global,0.29,0.54,0.39,0.13,Low,Above Benchmark,No,Yes,No,Yes,No,None
PORT_036004ca,Deborah Gonzales,Equity,7138.46,U.S.,0.37,0.76,0.56,0.65,Moderate,Meeting Benchmark,No,Yes,Yes,Yes,No,None
PORT_45490746,Danielle Vaughn,Balanced,6436.83,EU,0.44,0.63,0.2,0.33,Moderate,Meeting Benchmark,No,No,No,No,No,None
PORT_3aa91fb9,Susan Hill,Real Assets,696.01,EU,0.14,0.43,0.05,0.36,High,Below Benchmark,Yes,Yes,No,Yes,Yes,None
PORT_abdb4bcf,Catherine Smith,Fixed Income,1753.01,EU,0.26,0.44,0.92,0.51,Moderate,Meeting Benchmark,Yes,Yes,Yes,Yes,No,None
PORT_08836d1b,Morgan Woods,Fixed Income,2506.37,Global,0.34,0.2,0.39,0.56,Low,Meeting Benchmark,No,No,Yes,No,No,None
PORT_cad82088,Zachary Thomas,Balanced,5375.08,U.S.,0.19,0.44,0.34,0.46,High,Above Benchmark,Yes,No,Yes,Yes,Yes,Diversification Breach
PORT_f29fad7e,Stephanie Walker,Fixed Income,7172.29,U.S.,0.13,0.65,0.88,0.24,Low,Below Benchmark,Yes,Yes,Yes,Yes,No,None
PORT_9a24652e,Julie Lam,Real Assets,1422.09,EU,0.74,0.5,0.48,0.99,High,Above Benchmark,Yes,No,Yes,No,No,None
PORT_825db6bb,Patricia Roberts,Equity,1469.58,Global,0.58,0.23,0.56,0.25,Low,Above Benchmark,Yes,No,No,Yes,Yes,Conflict of Interest
PORT_263aeeef,Vicki Flores,Equity,6829.6,Asia-Pacific,0.92,0.97,0.12,0.51,Moderate,Above Benchmark,Yes,No,Yes,No,No,None
PORT_7f185c86,Michael Brown,Balanced,9147.07,EU,0.56,0.49,0.07,0.77,Low,Above Benchmark,No,No,Yes,Yes,No,None
PORT_2afb41ca,Christopher Perry,Fixed Income,9621.74,EU,0.13,0.7,0.88,0.16,High,Meeting Benchmark,No,No,Yes,No,No,None
PORT_639a9a9d,Lawrence Crawford,Balanced,8516.5,U.S.,0.26,0.67,0.8,0.46,Low,Above Benchmark,No,Yes,No,No,Yes,Style Drift
PORT_a43bf050,Anthony Warren,Real Assets,9412.34,EU,0.2,0.22,0.65,0.31,Low,Below Benchmark,Yes,No,No,Yes,No,None
PORT_261b2180,Tammy Franco,Balanced,3257.31,Asia-Pacific,0.67,0.55,0.55,0.02,High,Above Benchmark,No,Yes,Yes,No,No,None
PORT_c7174d13,Sean Mcdonald,Fixed Income,9670.66,Global,0.72,0.12,0.88,0.14,Low,Above Benchmark,Yes,No,No,Yes,No,None
PORT_e5f88a26,Brandon Ramos,Hedge Fund,2991.79,EU,0.92,0.87,0.75,0.89,Moderate,Below Benchmark,No,Yes,No,Yes,No,None
PORT_cda62f97,Diana Lee,Real Assets,2192.43,U.S.,0.21,0.87,0.17,0.86,Moderate,Above Benchmark,No,Yes,No,Yes,No,None
PORT_47e6ad32,Andrea Ayers,Fixed Income,4209.22,Global,0.75,0.01,0.5,0.01,High,Above Benchmark,No,No,Yes,No,No,None
PORT_2e201962,Rick Rodriguez,Equity,7273.69,EU,0.98,0.88,0.23,0.86,Moderate,Below Benchmark,Yes,No,Yes,Yes,No,None
PORT_664b3056,Pamela Graham,Fixed Income,270.15,EU,0.12,0.18,0.79,0.85,High,Meeting Benchmark,Yes,Yes,Yes,Yes,No,None
PORT_a5ad00e2,Johnny Lee,Hedge Fund,6703.64,Asia-Pacific,0.18,0.42,0.49,0.02,High,Meeting Benchmark,No,Yes,No,No,No,None
PORT_4ba0fe64,David Johnson,Real Assets,238.48,EU,0.17,0.9,0.79,0.5,Moderate,Above Benchmark,No,No,No,No,No,None
PORT_5e6baa1d,Angel Ho,Equity,7705.84,Global,0.7,0.88,0.89,0.37,High,Above Benchmark,Yes,No,No,No,No,None
PORT_2fc499a1,Matthew Payne,Hedge Fund,2256.92,Global,0.12,0.55,0.38,0.1,Low,Above Benchmark,Yes,Yes,Yes,Yes,Yes,None
PORT_b12a414e,Todd Cross,Balanced,7556.38,EU,0.58,0.01,0.56,0.44,Low,Above Benchmark,No,No,No,No,No,None
PORT_67224fc6,Jessica Carter,Hedge Fund,9879.07,Global,0.39,0.96,0.78,0.94,Moderate,Meeting Benchmark,Yes,No,Yes,Yes,No,None
PORT_69e25e2b,Brian Lambert,Equity,9074.61,EU,0.61,0.93,0.1,0.31,Moderate,Meeting Benchmark,No,Yes,No,Yes,No,None
PORT_6b1b926d,Christy Johnson,Real Assets,442.44,Asia-Pacific,0.28,0.03,0.06,0.06,High,Above Benchmark,No,Yes,Yes,Yes,No,None
PORT_da314173,Christian Walker,Real Assets,6892.62,Global,0.52,0.13,0.27,0.34,Moderate,Below Benchmark,Yes,Yes,Yes,No,No,None
PORT_3702c8aa,Matthew Hamilton,Fixed Income,242.38,Asia-Pacific,0.42,0.5,0.98,0.28,High,Above Benchmark,Yes,No,Yes,No,No,None
PORT_1ba954de,Jeanette Terrell,Balanced,3266.84,Asia-Pacific,0.87,0.97,0.05,0.64,High,Meeting Benchmark,Yes,No,No,Yes,No,None
PORT_2c0e9211,Andrew Taylor DDS,Balanced,9137.87,EU,0.47,0.71,0.75,0.56,High,Above Benchmark,No,No,No,No,No,None
PORT_e8c3cee9,Beth Stevens,Hedge Fund,4911.9,U.S.,0.59,0.64,0.9,0.55,High,Below Benchmark,No,Yes,No,No,No,None
PORT_924d09b9,Kristen Smith,Hedge Fund,3605.06,Asia-Pacific,0.7,0.63,0.66,0.21,Low,Below Benchmark,Yes,No,Yes,No,Yes,Diversification Breach
PORT_e55b7001,Donna Lewis,Fixed Income,5175.68,EU,0.06,0.21,0.16,0.05,High,Above Benchmark,Yes,Yes,Yes,No,No,None
PORT_f9d4399e,Ashley Gallegos,Hedge Fund,8097.89,Asia-Pacific,0.18,0.05,0.43,0.24,High,Above Benchmark,No,Yes,Yes,Yes,Yes,Diversification Breach
PORT_dcae398a,Leslie Nguyen,Real Assets,931.73,EU,0.68,0.75,0.44,0.52,Moderate,Above Benchmark,Yes,Yes,Yes,Yes,No,None
PORT_56eb55f1,Michael Chung,Fixed Income,2132.24,U.S.,0.88,0.6,0.4,0.78,Moderate,Below Benchmark,No,Yes,Yes,No,Yes,None
PORT_dade4eb5,Cameron Alvarez,Fixed Income,1153.37,Global,0.35,0.2,0.33,0.13,Low,Meeting Benchmark,Yes,No,Yes,No,No,None
PORT_3cbfe40a,Abigail Mccormick,Real Assets,3753.58,Global,0.82,0.93,0.55,0.9,Low,Below Benchmark,No,No,No,No,No,None
PORT_057d173f,Andrew Thomas,Balanced,9154.28,Global,0.89,0.58,0.34,0.38,Moderate,Below Benchmark,Yes,Yes,Yes,Yes,No,None
PORT_3a4d9d04,Timothy Stanley,Balanced,5770.61,Global,0.72,0.48,0.18,0.93,Low,Above Benchmark,No,Yes,No,Yes,No,None
PORT_fa4d59e8,Christian Murray,Fixed Income,3295.99,Asia-Pacific,0.64,0.13,0.86,0.75,Low,Meeting Benchmark,Yes,No,No,Yes,No,None
PORT_7a205631,Michael Howard,Hedge Fund,8478.18,Global,0.31,0.21,0.09,0.85,Low,Below Benchmark,No,Yes,Yes,Yes,No,None
PORT_8dc7f37f,Sally Montoya,Hedge Fund,8092.09,U.S.,0.82,0.23,0.38,0.93,High,Above Benchmark,No,No,Yes,No,No,None
PORT_71a095bf,Jeffrey Powers,Fixed Income,3460.37,Asia-Pacific,0.72,0.36,0.34,0.62,Moderate,Meeting Benchmark,Yes,Yes,No,No,Yes,Diversification Breach
PORT_7d1b1265,Adam Murphy,Hedge Fund,1636.72,Asia-Pacific,0.38,0.78,0.17,0.34,Low,Below Benchmark,No,No,No,No,Yes,Conflict of Interest
PORT_ae8f4002,Richard Briggs,Real Assets,2454.36,Asia-Pacific,0.68,0.17,0.81,0.04,High,Above Benchmark,Yes,Yes,Yes,Yes,No,None
PORT_61e69d19,Austin Middleton,Fixed Income,994.75,EU,0.54,0.5,0.02,0.95,Low,Above Benchmark,Yes,No,Yes,Yes,No,None
PORT_b4646848,Calvin Sparks,Equity,8947.74,Global,0.64,0.84,0.97,0.71,Low,Meeting Benchmark,No,No,No,No,No,None
PORT_b298605a,Lisa Saunders,Equity,7039.05,Asia-Pacific,0.56,0.92,0.48,0.03,Moderate,Meeting Benchmark,No,No,Yes,No,No,None
PORT_a2e9c82d,Sarah Baker,Hedge Fund,2640.17,Asia-Pacific,0.84,0.03,0.71,0.98,Moderate,Above Benchmark,No,No,Yes,No,No,None
PORT_1fc8c834,William Richardson,Hedge Fund,5912.13,Asia-Pacific,0.71,0.81,0.47,0.96,Moderate,Below Benchmark,No,No,No,No,No,None
PORT_4fdf8078,Sarah Mcdowell,Hedge Fund,7514.1,EU,0.59,0.03,0.98,0.93,Moderate,Above Benchmark,No,No,Yes,No,No,None
PORT_6def26c5,Hannah Vaughn,Real Assets,1076.3,EU,0.76,0.28,0.36,0.48,Low,Meeting Benchmark,No,Yes,No,Yes,No,None
PORT_6ab31fd8,Gregory Blake,Real Assets,4189.38,U.S.,0.53,0.97,0.27,0.65,High,Above Benchmark,No,No,Yes,No,No,None
PORT_b3607f11,Angela Ball,Equity,4756.49,Asia-Pacific,0.49,0.11,0.45,0.22,Moderate,Above Benchmark,No,Yes,No,No,No,None
PORT_ecbb08df,Jill Garcia,Fixed Income,2674.99,EU,0.1,0.5,0.27,0.6,Moderate,Above Benchmark,No,Yes,Yes,No,No,None
PORT_bc5c732a,Nichole Gonzalez,Balanced,1488.05,U.S.,0.58,0.08,0.1,0.72,Low,Below Benchmark,No,Yes,Yes,Yes,No,None
PORT_51a0bf20,Andrea Harris,Balanced,3505.25,U.S.,0.55,0.38,0.46,0.88,High,Meeting Benchmark,No,Yes,No,No,No,None
PORT_ce31111c,Richard Campbell,Equity,7387.36,Global,0.29,0.13,0.44,0.5,High,Below Benchmark,No,Yes,No,No,No,None
PORT_bb46633f,Victoria Martin,Real Assets,1143.4,Global,0.07,0.59,0.04,0.02,High,Above Benchmark,No,Yes,Yes,Yes,No,None
PORT_987c8ad7,Nicholas Duran,Fixed Income,7349.24,U.S.,0.46,0.87,0.82,0.93,Moderate,Above Benchmark,Yes,Yes,Yes,Yes,Yes,Style Drift
PORT_ce77516e,Megan Deleon,Fixed Income,7507.24,Asia-Pacific,0.86,0.12,0.31,0.29,Low,Above Benchmark,Yes,No,No,No,No,None
PORT_1e78b712,Brian Cooke,Fixed Income,7897.91,Asia-Pacific,0.11,0.24,0.23,0.08,High,Above Benchmark,No,No,No,Yes,No,None
PORT_4949a070,Debra Orozco,Balanced,4038.47,Asia-Pacific,0.59,0.77,0.18,0.76,Moderate,Below Benchmark,No,Yes,No,No,No,None
PORT_506f6a8f,Anthony Scott,Real Assets,2759.54,Asia-Pacific,0.4,0.95,0.92,0.25,Moderate,Above Benchmark,Yes,Yes,Yes,No,No,None
PORT_44f10d40,Jason Oliver,Fixed Income,4851.16,Asia-Pacific,0.5,0.23,0.77,0.87,Moderate,Below Benchmark,Yes,No,Yes,Yes,No,None
PORT_ef833e1d,Kristen Wilson,Fixed Income,540.0,EU,0.94,0.23,0.42,0.73,High,Below Benchmark,Yes,No,No,Yes,No,None
PORT_ec02fde1,Vanessa Rivera,Balanced,5468.73,U.S.,0.72,0.35,0.32,0.0,Moderate,Meeting Benchmark,No,No,Yes,No,No,None
PORT_f0900f34,Margaret Gill,Real Assets,6964.54,EU,0.25,0.11,0.48,0.98,High,Meeting Benchmark,No,Yes,Yes,Yes,Yes,Conflict of Interest
PORT_34aadbde,Jessica Young,Hedge Fund,6102.85,U.S.,0.58,0.01,0.9,0.87,High,Above Benchmark,No,No,No,Yes,No,None
PORT_2e018791,Brian Garcia,Balanced,1357.05,Asia-Pacific,0.41,0.78,0.42,0.8,Low,Above Benchmark,No,Yes,Yes,No,Yes,Style Drift
PORT_526a213e,Sara Roth,Equity,654.88,Global,0.87,0.61,0.73,0.62,High,Above Benchmark,No,Yes,No,No,No,None
PORT_7a683501,Heather Craig,Real Assets,3652.18,Asia-Pacific,0.72,0.28,0.01,0.85,Low,Below Benchmark,Yes,No,Yes,No,No,None
PORT_f1f6c017,Brandi Smith,Balanced,2167.0,EU,0.8,0.97,0.77,0.52,High,Below Benchmark,Yes,No,Yes,No,Yes,None
PORT_e9f4f09d,Thomas Aguirre,Equity,2249.68,Global,0.72,0.55,0.09,0.28,Moderate,Above Benchmark,No,No,No,Yes,Yes,None
PORT_0844052d,Ryan Thompson,Balanced,2361.51,U.S.,0.87,0.46,0.91,0.92,Moderate,Above Benchmark,Yes,No,No,No,No,None
PORT_63fc1c7e,Christopher Henson,Fixed Income,8074.17,Global,0.72,0.16,0.51,0.65,Low,Above Benchmark,Yes,Yes,No,Yes,Yes,Style Drift
PORT_767b5af4,Ana Johnson,Equity,8792.19,Asia-Pacific,0.05,0.22,0.48,0.98,High,Above Benchmark,No,Yes,Yes,No,No,None
PORT_665b4d18,Jennifer Carroll,Fixed Income,8889.44,Global,0.48,0.54,0.1,0.48,Moderate,Meeting Benchmark,No,Yes,Yes,No,No,None
PORT_30b2ffca,Kimberly Lopez,Real Assets,8552.36,U.S.,1.0,0.41,0.18,0.23,High,Above Benchmark,Yes,Yes,No,No,No,None
PORT_8c542ce9,Kyle Mueller,Equity,5744.66,Global,0.1,0.89,0.32,0.81,Low,Meeting Benchmark,Yes,No,No,Yes,No,None
PORT_7370bf6c,Alexander Thomas,Equity,941.57,EU,0.72,0.54,0.48,0.81,Low,Below Benchmark,Yes,No,Yes,Yes,No,None
PORT_1ae6232d,Tyrone Simmons,Equity,5634.4,Asia-Pacific,0.07,0.51,0.15,0.59,Moderate,Above Benchmark,No,Yes,Yes,Yes,Yes,None
PORT_e751eaff,Jay Cline PhD,Fixed Income,4150.13,Asia-Pacific,0.59,0.73,0.02,0.1,Low,Above Benchmark,Yes,Yes,Yes,No,No,None
PORT_7cfe182e,Maxwell Pierce,Fixed Income,5052.23,Global,0.22,0.49,0.78,0.42,High,Above Benchmark,Yes,Yes,Yes,No,No,None
PORT_8f83b351,Amy Lane,Hedge Fund,1418.37,EU,0.38,0.55,0.19,0.56,Moderate,Below Benchmark,No,No,Yes,Yes,No,None
PORT_ba573500,Keith Montoya,Real Assets,5514.63,EU,0.38,0.81,0.15,0.34,Low,Meeting Benchmark,Yes,No,No,No,No,None
PORT_2b2cc89f,Joseph Diaz,Real Assets,4866.95,U.S.,0.04,0.77,0.05,0.65,High,Below Benchmark,No,Yes,Yes,Yes,No,None
PORT_d811115c,Shannon Davis,Equity,2885.16,Global,0.75,0.58,0.84,0.44,High,Below Benchmark,No,No,Yes,Yes,Yes,Conflict of Interest
PORT_95fbefc1,Joseph Collins,Hedge Fund,1056.84,EU,0.76,0.84,0.35,0.53,High,Below Benchmark,No,No,Yes,No,No,None
PORT_9cd6c98f,Michael Moore,Hedge Fund,9116.47,EU,0.47,0.78,0.84,0.09,Moderate,Below Benchmark,No,No,No,No,No,None
PORT_c8a7ac12,Annette Klein,Balanced,8264.18,EU,0.52,0.84,0.2,0.06,Moderate,Above Benchmark,Yes,No,No,No,No,None
PORT_58f47eae,Rebecca Andrade,Balanced,2714.16,Asia-Pacific,0.0,0.23,0.15,0.62,Low,Meeting Benchmark,No,Yes,Yes,Yes,No,None
PORT_4e93ef0b,Felicia White,Balanced,5404.3,Asia-Pacific,0.09,0.71,0.94,0.55,High,Meeting Benchmark,No,No,Yes,No,No,None
PORT_90e26842,Valerie Barrett,Balanced,5151.45,U.S.,0.05,0.63,0.71,0.95,Low,Meeting Benchmark,No,Yes,No,Yes,No,None
PORT_d356653c,Andrew Hernandez,Equity,9301.21,Global,0.34,0.13,0.45,0.88,Moderate,Meeting Benchmark,No,Yes,No,No,No,None
PORT_608191ef,Brandy Mccarthy,Real Assets,6777.96,U.S.,0.68,0.72,0.88,0.17,High,Above Benchmark,Yes,Yes,No,Yes,No,None
PORT_45a12690,Holly Fisher,Fixed Income,2195.89,Global,0.1,0.44,0.11,0.94,Moderate,Meeting Benchmark,Yes,Yes,Yes,Yes,No,None
PORT_f0295c06,Jason White,Hedge Fund,264.22,EU,0.81,0.08,0.72,0.96,Low,Above Benchmark,Yes,No,Yes,Yes,No,None
PORT_989e5226,Mary Pierce,Real Assets,3027.52,Asia-Pacific,0.01,0.9,0.92,0.51,High,Below Benchmark,Yes,Yes,No,No,No,None
PORT_2320017f,Tammy Zamora DDS,Real Assets,705.21,U.S.,0.58,0.25,0.92,0.39,High,Above Benchmark,Yes,Yes,No,No,Yes,Conflict of Interest
PORT_e476c377,Peter Harding,Fixed Income,6752.22,EU,0.62,0.89,0.99,0.5,Moderate,Below Benchmark,Yes,No,Yes,No,No,None
PORT_c6b14b5f,Jordan Rios,Hedge Fund,7895.01,U.S.,0.43,0.88,0.71,0.84,Moderate,Above Benchmark,No,No,Yes,No,No,None
PORT_6caff22e,Samantha Mendoza,Fixed Income,3960.28,Asia-Pacific,0.85,0.04,0.02,0.73,High,Meeting Benchmark,Yes,Yes,No,Yes,No,None
PORT_b70ff99d,Robert Marshall,Fixed Income,5366.22,Global,0.06,0.11,0.74,0.74,Low,Above Benchmark,No,Yes,Yes,Yes,No,None
PORT_6cf29cef,Diane Ryan,Balanced,3375.77,Global,0.72,0.95,0.7,0.78,High,Below Benchmark,No,No,No,No,No,None
PORT_9446889f,Laurie Hartman,Real Assets,6028.56,U.S.,0.16,0.17,0.02,0.45,Low,Meeting Benchmark,No,No,Yes,Yes,No,None
PORT_c8b4c61f,Christopher Brooks,Equity,6347.93,U.S.,0.87,0.32,0.19,0.49,Low,Below Benchmark,Yes,No,Yes,No,No,None
PORT_ecd314a7,Katherine Watson,Equity,8867.55,EU,0.41,0.81,0.59,0.67,High,Above Benchmark,Yes,No,No,No,Yes,Diversification Breach
PORT_5cf8d295,Christopher Garcia,Fixed Income,2918.12,Global,0.91,0.15,0.58,0.48,Moderate,Below Benchmark,No,No,No,No,Yes,None
PORT_421e6a32,Angel Berry,Fixed Income,5459.02,EU,0.75,0.27,0.17,0.95,Moderate,Meeting Benchmark,No,Yes,Yes,No,Yes,Style Drift
PORT_2b12c8c0,Katie Marquez,Balanced,5278.31,EU,0.79,0.34,0.41,0.74,Moderate,Below Benchmark,Yes,Yes,No,Yes,No,None
PORT_1b0f1014,Katherine Fox,Balanced,6623.99,Asia-Pacific,0.18,0.96,0.04,0.41,Low,Above Benchmark,Yes,Yes,No,No,Yes,Style Drift
PORT_1095c382,Mark Fox,Real Assets,1097.4,EU,0.38,0.66,0.81,0.9,High,Above Benchmark,No,Yes,No,No,Yes,Style Drift
PORT_44c37e27,Todd Welch,Equity,5582.59,EU,0.76,0.92,0.26,0.59,High,Above Benchmark,No,No,Yes,Yes,Yes,None
PORT_50dd06ba,Steven Hines,Hedge Fund,2090.31,Global,0.35,0.95,0.32,0.28,High,Below Benchmark,Yes,No,No,Yes,No,None
PORT_17e1e88e,Gail Castillo,Equity,7829.03,Asia-Pacific,0.33,0.18,0.04,0.41,High,Above Benchmark,No,Yes,Yes,Yes,No,None
PORT_e9b5eb8b,Nicholas Pittman,Equity,7263.63,Global,0.75,0.65,0.41,0.12,Low,Below Benchmark,Yes,Yes,No,Yes,Yes,Style Drift
PORT_909718d2,Michelle Thomas,Equity,3997.6,U.S.,0.81,0.29,0.6,0.29,High,Below Benchmark,Yes,No,No,Yes,No,None
PORT_3559c7be,Brenda Aguirre,Real Assets,7475.85,U.S.,0.31,0.02,0.59,0.64,Low,Below Benchmark,No,No,Yes,No,No,None
PORT_89a8e25e,Michael Garner,Hedge Fund,4270.43,Global,0.72,0.28,0.79,0.44,Low,Meeting Benchmark,Yes,No,No,No,No,None
PORT_7f0dbf8f,Justin Wright,Fixed Income,9889.46,U.S.,0.04,0.32,0.46,0.8,Moderate,Above Benchmark,No,Yes,No,No,Yes,Style Drift
PORT_acf30c1f,Catherine Bird,Equity,9515.31,EU,0.51,0.34,0.39,1.0,High,Below Benchmark,No,No,Yes,Yes,No,None
PORT_c25a227c,Abigail Moore,Hedge Fund,7436.65,EU,0.48,0.75,0.94,0.97,High,Meeting Benchmark,No,No,Yes,No,No,None
PORT_e0457b1d,Michael Little,Hedge Fund,767.96,EU,0.02,0.12,0.8,0.04,Low,Above Benchmark,No,Yes,Yes,No,Yes,None
PORT_fafda60c,Jeffery Allison,Balanced,2090.63,Asia-Pacific,0.45,0.38,0.98,0.77,Low,Below Benchmark,Yes,Yes,Yes,No,No,None
PORT_a3130932,Fernando Little,Real Assets,1716.4,U.S.,0.35,0.57,0.2,0.15,Low,Meeting Benchmark,No,No,Yes,Yes,No,None
PORT_3cb6ede8,Melissa Baird,Hedge Fund,3469.99,U.S.,0.1,0.83,0.42,0.8,Moderate,Meeting Benchmark,No,Yes,Yes,Yes,No,None
PORT_5194aa1e,Adrian Johnson,Real Assets,1962.45,EU,0.22,0.99,0.11,0.1,High,Meeting Benchmark,Yes,No,No,Yes,Yes,Conflict of Interest
PORT_6f3c5eda,Holly Osborne,Real Assets,181.15,Global,0.9,0.53,0.02,0.71,Low,Below Benchmark,Yes,Yes,No,No,Yes,Diversification Breach
PORT_7eab0d13,Kimberly Nunez,Fixed Income,1321.29,Asia-Pacific,0.35,0.02,0.74,0.26,High,Meeting Benchmark,Yes,No,No,Yes,No,None
PORT_3eb8fcc5,Monica Short,Hedge Fund,6123.12,U.S.,0.08,0.28,0.5,0.5,Low,Above Benchmark,No,Yes,No,Yes,No,None
PORT_8a3ff83e,Mary Johnson,Fixed Income,2455.52,Global,0.22,0.31,0.26,0.26,Moderate,Below Benchmark,Yes,Yes,No,Yes,Yes,Diversification Breach
PORT_b49fea01,Jerry Cabrera,Real Assets,3356.1,Asia-Pacific,0.66,0.77,0.15,0.46,Moderate,Above Benchmark,No,No,Yes,No,No,None
PORT_9d5f1b28,Jessica Massey,Real Assets,5657.42,Asia-Pacific,0.04,0.73,0.45,0.69,Low,Below Benchmark,Yes,Yes,No,Yes,No,None
PORT_d3733243,Matthew Martinez,Fixed Income,7459.08,Asia-Pacific,0.95,0.54,0.46,0.8,High,Below Benchmark,No,Yes,Yes,Yes,No,None
PORT_13c48310,Heather Collins,Fixed Income,4954.55,Global,0.61,0.46,0.1,0.38,Moderate,Below Benchmark,No,Yes,No,No,No,None
PORT_b52b0e3e,Daniel Williams,Real Assets,3188.71,Global,0.79,0.06,0.32,0.64,High,Meeting Benchmark,No,Yes,Yes,Yes,No,None
PORT_03ddbc63,Vanessa Smith,Real Assets,2998.46,Asia-Pacific,0.91,0.61,0.32,0.87,High,Above Benchmark,No,No,Yes,No,No,None
PORT_088cbb04,Mr. Michael Brown,Hedge Fund,1050.77,Global,0.07,0.68,0.19,0.85,High,Below Benchmark,No,No,No,Yes,Yes,None
PORT_2076eb5d,Gregory Murphy,Real Assets,9347.85,EU,0.11,0.14,0.16,0.6,Moderate,Below Benchmark,No,No,No,No,No,None
PORT_3dea780a,John Foster,Equity,582.11,EU,0.24,0.22,0.44,0.38,High,Below Benchmark,No,Yes,No,No,No,None
PORT_85ae8c81,Todd Garcia,Hedge Fund,5102.35,Global,0.42,0.23,0.84,0.87,Moderate,Meeting Benchmark,No,No,No,Yes,Yes,Conflict of Interest
PORT_4e626df2,Michael Richardson,Balanced,1621.54,U.S.,0.13,0.3,0.72,0.13,Moderate,Below Benchmark,Yes,No,Yes,Yes,No,None
PORT_8dcca257,Sean Henderson,Hedge Fund,7143.62,U.S.,0.73,0.15,0.52,0.26,High,Above Benchmark,Yes,No,No,No,Yes,None
PORT_8993dc97,Tammy Hickman,Equity,1579.95,U.S.,0.91,0.68,0.65,0.59,High,Below Benchmark,No,Yes,Yes,No,No,None
PORT_db307be5,Jermaine Williams,Fixed Income,7135.79,EU,0.73,0.35,0.85,0.11,Low,Meeting Benchmark,Yes,No,Yes,Yes,Yes,Diversification Breach
PORT_679d6569,Timothy Arroyo,Real Assets,3910.97,Asia-Pacific,0.86,0.96,0.92,0.21,High,Above Benchmark,No,Yes,No,No,No,None
PORT_9a3b6072,Roy Dennis,Hedge Fund,4695.53,EU,0.19,0.04,0.87,0.67,Low,Below Benchmark,No,Yes,No,No,No,None
PORT_8fe8c643,Arthur Obrien,Hedge Fund,6981.41,EU,0.2,0.36,0.01,0.65,Low,Above Benchmark,No,No,Yes,Yes,No,None
PORT_3e34412e,Jeremy Porter,Hedge Fund,7845.63,EU,0.96,0.55,0.56,0.59,Moderate,Below Benchmark,No,Yes,Yes,No,No,None
PORT_39348e5e,Daniel Mitchell,Balanced,5795.54,EU,0.15,0.02,0.37,0.1,High,Above Benchmark,Yes,No,No,No,No,None
PORT_7333194e,Brittany Jacobs,Equity,7584.64,Global,0.92,0.75,0.34,0.67,Low,Meeting Benchmark,Yes,Yes,Yes,Yes,No,None
PORT_f6c1c44c,Joseph Glenn,Equity,852.83,Asia-Pacific,0.38,0.72,0.43,0.28,Moderate,Below Benchmark,Yes,Yes,No,Yes,No,None
PORT_76ab5903,Sara Clark,Real Assets,4840.94,Asia-Pacific,0.51,0.47,0.45,0.36,Moderate,Meeting Benchmark,No,No,No,No,Yes,None
PORT_131163b2,John Walker,Fixed Income,4645.31,U.S.,0.14,0.48,0.23,0.67,High,Below Benchmark,Yes,No,Yes,No,No,None
PORT_d504b15c,Ricardo Gonzalez,Hedge Fund,3116.5,Global,0.04,0.29,0.49,0.13,Moderate,Meeting Benchmark,Yes,No,No,No,Yes,Conflict of Interest
PORT_875c99ce,Mr. Mark Ford,Balanced,3409.01,EU,0.58,0.12,0.73,0.89,High,Meeting Benchmark,Yes,Yes,Yes,Yes,No,None
PORT_55aeb296,Jessica Mcintyre,Equity,825.67,U.S.,0.24,0.37,0.44,0.79,Moderate,Meeting Benchmark,Yes,Yes,Yes,Yes,No,None
PORT_72d7b4da,James Owens,Balanced,7796.36,U.S.,0.33,0.72,0.33,0.55,High,Below Benchmark,Yes,No,No,Yes,No,None
PORT_c704c3f2,Seth Richard,Equity,6848.42,Asia-Pacific,0.56,0.31,0.48,0.17,High,Above Benchmark,No,Yes,No,Yes,No,None
PORT_de6868b7,Justin Moreno,Hedge Fund,2210.63,EU,0.91,0.13,0.95,0.99,Moderate,Below Benchmark,Yes,Yes,No,Yes,No,None
PORT_00e77b13,Anthony Horton,Real Assets,4769.36,Global,0.73,0.58,0.59,0.74,Moderate,Meeting Benchmark,Yes,No,Yes,Yes,No,None
PORT_52c04df7,Jill Lynch,Equity,7107.31,EU,0.51,0.43,0.25,0.25,Low,Above Benchmark,Yes,Yes,No,No,No,None
PORT_6ec1e6b5,Paula Thompson,Balanced,7900.66,Global,0.04,0.52,0.85,0.82,High,Meeting Benchmark,No,Yes,Yes,No,No,None
PORT_774012a1,Susan Butler,Hedge Fund,7628.9,U.S.,0.18,0.89,0.84,0.92,High,Meeting Benchmark,Yes,Yes,Yes,Yes,Yes,Style Drift
PORT_66d7e778,Angela Cruz,Balanced,2740.68,Asia-Pacific,0.92,0.82,0.4,0.18,High,Below Benchmark,Yes,Yes,Yes,Yes,No,None
PORT_81b36996,John Chen,Real Assets,83.67,Global,0.77,0.73,0.29,0.95,High,Above Benchmark,Yes,Yes,No,Yes,No,None
PORT_29dc664d,Christopher Lyons,Fixed Income,5086.93,U.S.,0.43,0.08,0.7,0.52,High,Above Benchmark,Yes,No,No,Yes,No,None
PORT_fad1ce92,Vincent Yates,Hedge Fund,53.53,EU,0.62,0.87,0.36,0.34,High,Below Benchmark,Yes,Yes,No,No,Yes,None
PORT_3f5591d5,Christopher Adams,Hedge Fund,1349.97,U.S.,0.57,0.86,0.19,0.95,High,Above Benchmark,No,No,Yes,No,No,None
PORT_29c27097,Robert Phillips,Fixed Income,3962.19,U.S.,0.77,0.23,0.05,0.5,Moderate,Above Benchmark,No,Yes,No,Yes,No,None
PORT_f7027472,Amber Dillon,Balanced,2328.64,U.S.,0.05,0.82,0.12,1.0,Low,Above Benchmark,No,No,Yes,No,No,None
PORT_eaaf675a,Patricia Carr,Balanced,82.12,EU,0.94,0.08,0.74,0.9,Moderate,Below Benchmark,No,No,Yes,Yes,No,None
PORT_d959760a,Christopher Cook,Balanced,4214.05,U.S.,0.2,0.0,0.26,0.22,Low,Meeting Benchmark,Yes,Yes,Yes,No,No,None
PORT_c7539716,Candace Williams,Fixed Income,8927.26,EU,0.34,0.55,0.0,0.0,High,Meeting Benchmark,No,Yes,Yes,No,No,None
PORT_dd93c6c3,Gregory Miller,Fixed Income,6621.57,Asia-Pacific,0.55,0.68,0.05,0.01,Moderate,Meeting Benchmark,No,No,Yes,No,No,None
PORT_3d4da78f,Jessica Davis,Fixed Income,8110.33,U.S.,0.59,0.81,0.1,0.09,Moderate,Below Benchmark,No,Yes,No,Yes,No,None
PORT_9f3ec04d,Amber Sandoval,Equity,6230.53,Global,0.77,0.74,0.08,0.59,Moderate,Below Benchmark,No,Yes,Yes,Yes,Yes,Style Drift
PORT_a7fceec2,Jennifer Moore,Real Assets,2965.88,Asia-Pacific,0.26,0.39,0.84,0.08,Moderate,Meeting Benchmark,Yes,Yes,No,No,No,None
PORT_8cfbd61a,Carolyn Hubbard,Real Assets,6363.25,EU,0.8,0.16,0.11,0.89,Low,Meeting Benchmark,Yes,Yes,No,Yes,No,None
PORT_936812a5,Nancy Krueger,Hedge Fund,2315.79,U.S.,0.8,0.99,0.87,0.88,Low,Above Benchmark,No,Yes,No,Yes,No,None
PORT_7b014097,Emily Reynolds,Real Assets,7614.68,U.S.,0.07,0.07,0.65,0.4,High,Below Benchmark,Yes,No,No,Yes,No,None
PORT_f397a1db,Suzanne Thomas,Balanced,6758.48,EU,0.51,0.22,0.81,0.77,Moderate,Above Benchmark,No,Yes,No,Yes,Yes,Conflict of Interest
PORT_27933315,Patrick Gibbs,Balanced,6294.63,U.S.,0.39,0.85,0.22,0.4,Low,Meeting Benchmark,No,Yes,No,Yes,No,None
PORT_530408dd,Virginia Matthews,Fixed Income,7576.63,EU,0.76,0.79,0.63,0.73,Moderate,Below Benchmark,No,Yes,No,No,No,None
PORT_05a154f1,Christina Moreno,Fixed Income,9989.78,U.S.,0.7,0.9,0.27,0.82,High,Above Benchmark,No,No,Yes,Yes,No,None
PORT_6db86950,Steven Wilson,Hedge Fund,1439.71,U.S.,0.78,0.84,0.67,0.91,Moderate,Above Benchmark,No,Yes,No,Yes,No,None
PORT_6653b329,Christopher Smith,Fixed Income,5056.91,EU,0.63,0.52,0.97,0.77,Low,Meeting Benchmark,No,No,No,No,No,None
PORT_ab968995,Lori Barnett,Balanced,4614.94,Global,0.47,0.44,0.97,0.49,Moderate,Meeting Benchmark,No,Yes,No,No,No,None
PORT_98551fc8,Mark Hall,Equity,8982.41,Global,0.3,0.6,0.48,0.97,Moderate,Meeting Benchmark,Yes,No,Yes,Yes,Yes,Style Drift
PORT_8fe39b07,Tamara Carney,Fixed Income,6838.87,Asia-Pacific,0.19,0.86,0.82,0.79,Moderate,Above Benchmark,Yes,No,No,Yes,Yes,None
PORT_8e0aa511,Derrick Hoffman,Balanced,4946.35,EU,0.14,0.6,0.58,0.34,High,Below Benchmark,Yes,No,No,No,No,None
PORT_81a83e21,Vincent Williamson,Real Assets,2787.96,Global,0.21,0.57,0.23,0.52,High,Below Benchmark,Yes,No,Yes,Yes,No,None
PORT_1b79dc61,Mrs. Michelle Davis,Fixed Income,8720.54,EU,0.59,0.3,0.03,0.57,High,Meeting Benchmark,Yes,No,Yes,Yes,Yes,Style Drift
PORT_09852365,Vanessa Jones,Hedge Fund,4574.36,EU,0.49,0.59,0.96,0.76,Moderate,Below Benchmark,Yes,No,Yes,No,No,None
PORT_5750c2f7,Jonathan Graham,Fixed Income,7376.84,Asia-Pacific,0.49,0.17,0.13,0.56,Low,Above Benchmark,Yes,No,No,No,No,None
PORT_a425fd2c,Philip Walsh,Equity,8358.47,U.S.,0.64,0.16,0.15,0.83,Moderate,Above Benchmark,No,No,No,No,No,None
PORT_2a320157,Geoffrey Alexander,Balanced,7486.29,Global,0.84,0.15,0.12,0.2,High,Below Benchmark,No,Yes,No,No,Yes,None
PORT_98d79f0c,Julie Turner,Balanced,9624.34,Asia-Pacific,0.98,0.26,0.39,0.71,Low,Meeting Benchmark,Yes,Yes,Yes,Yes,No,None
PORT_98b2828f,Karen Bell,Fixed Income,5884.52,Global,0.69,0.29,0.52,0.21,Low,Above Benchmark,No,No,Yes,Yes,No,None
PORT_99cf58f2,Crystal Howard,Balanced,9349.06,U.S.,0.54,0.92,0.27,0.59,High,Meeting Benchmark,Yes,Yes,Yes,Yes,No,None
PORT_cd066c2e,Dawn Andrews,Hedge Fund,4680.04,Asia-Pacific,0.95,0.58,0.6,0.31,High,Above Benchmark,No,No,Yes,Yes,No,None
PORT_3163c024,Adam Reeves,Fixed Income,7257.56,Global,0.32,0.76,0.86,0.27,High,Above Benchmark,Yes,Yes,No,Yes,No,None
PORT_0a54e04e,Jerry Hughes,Equity,4693.5,Global,0.01,0.98,0.89,0.1,Moderate,Above Benchmark,No,No,No,Yes,No,None
PORT_2e8bd973,Christopher Leonard,Equity,8287.59,Global,0.73,0.65,0.55,0.47,Moderate,Above Benchmark,No,No,Yes,No,No,None
PORT_ea74ffce,Jesse Thomas,Real Assets,2970.06,EU,0.13,0.28,0.0,0.51,Moderate,Meeting Benchmark,Yes,Yes,Yes,No,No,None
PORT_6431d3c5,Kimberly Doyle,Hedge Fund,767.65,Asia-Pacific,0.16,0.47,0.4,0.38,Moderate,Meeting Benchmark,No,No,No,No,No,None
PORT_49080d95,James Green,Fixed Income,1280.88,EU,0.96,0.92,0.94,0.13,Low,Meeting Benchmark,No,Yes,No,Yes,No,None
PORT_546ae50e,Sara Compton,Equity,5261.39,U.S.,0.16,0.76,0.37,0.98,Moderate,Below Benchmark,Yes,No,No,Yes,No,None
PORT_12ee110f,Michael Mcdaniel,Equity,3113.6,Asia-Pacific,0.87,0.81,0.11,0.96,High,Below Benchmark,No,No,Yes,Yes,No,None
PORT_d31959f5,Thomas Terrell,Balanced,8217.59,EU,0.1,0.06,0.2,0.08,Low,Below Benchmark,Yes,No,Yes,No,Yes,Style Drift
PORT_69e14e2e,Kyle Moore,Equity,1815.7,Asia-Pacific,0.56,0.01,0.06,0.75,Moderate,Above Benchmark,Yes,No,Yes,No,No,None
PORT_b7947a1a,Jill Reeves,Fixed Income,8147.34,U.S.,0.27,0.6,0.69,0.79,High,Below Benchmark,No,No,No,Yes,No,None
PORT_19804367,Michael Delgado,Fixed Income,6232.12,EU,0.74,0.68,0.96,0.6,Low,Below Benchmark,Yes,No,No,Yes,No,None
PORT_e6abc954,William Brown,Fixed Income,4151.17,U.S.,0.07,0.47,0.3,0.16,Low,Below Benchmark,No,Yes,Yes,No,No,None
PORT_e02a4058,Casey Nelson,Hedge Fund,2278.93,Asia-Pacific,0.89,0.58,0.79,0.61,High,Meeting Benchmark,Yes,No,Yes,No,Yes,None
PORT_bc8190b3,Michael Valdez Jr.,Fixed Income,1686.36,Asia-Pacific,0.01,0.63,0.08,0.66,Moderate,Above Benchmark,No,Yes,No,Yes,No,None
PORT_999a9dc0,Carrie Hill,Balanced,7828.51,EU,0.95,0.23,0.78,0.6,Low,Above Benchmark,Yes,No,No,Yes,Yes,Diversification Breach
PORT_4b505bd8,John James,Fixed Income,2505.11,U.S.,0.3,0.46,0.36,0.39,Moderate,Below Benchmark,No,Yes,Yes,No,No,None
PORT_b4d2f278,William Benson,Balanced,5162.75,Asia-Pacific,0.74,0.97,0.46,0.57,High,Below Benchmark,No,No,Yes,No,No,None
PORT_8333e7f4,Chad Hall,Real Assets,6813.25,Asia-Pacific,0.22,0.71,0.38,0.12,High,Meeting Benchmark,Yes,No,No,No,No,None
PORT_94fc4325,Zoe Turner,Equity,4931.29,U.S.,0.21,0.19,0.98,0.46,Moderate,Meeting Benchmark,Yes,Yes,Yes,Yes,No,None
PORT_42d6c359,Jacob Oconnell,Balanced,1790.15,Global,0.65,0.14,0.73,0.36,High,Above Benchmark,No,Yes,No,Yes,Yes,Style Drift
PORT_1ff26f0c,Ralph Stephens,Hedge Fund,5359.4,Global,0.33,0.99,0.85,0.47,Moderate,Meeting Benchmark,No,No,No,Yes,No,None
PORT_65b3c822,Mr. David Marshall,Equity,121.86,EU,0.83,0.51,0.83,0.4,Moderate,Above Benchmark,No,Yes,No,No,Yes,Conflict of Interest
PORT_b9d48923,Brian Snyder,Real Assets,1143.49,Global,0.3,0.98,0.68,0.36,High,Meeting Benchmark,No,No,Yes,No,No,None
PORT_d07bd6bb,Lisa Howell,Balanced,5730.66,Asia-Pacific,0.1,0.51,0.49,0.75,High,Above Benchmark,Yes,Yes,No,Yes,No,None
PORT_dccbd184,Vanessa Anderson,Fixed Income,7743.48,U.S.,0.77,0.85,0.37,0.45,High,Meeting Benchmark,No,No,Yes,No,No,None
PORT_adf03324,Alejandro Chung,Fixed Income,1858.91,U.S.,0.23,0.34,0.51,0.04,High,Meeting Benchmark,Yes,Yes,No,Yes,No,None
PORT_9fa66290,Joshua Castillo,Equity,3471.47,EU,0.63,0.06,0.31,0.04,Moderate,Below Benchmark,Yes,Yes,Yes,No,Yes,Diversification Breach
PORT_5157f59f,Donna Randolph,Balanced,398.45,U.S.,0.82,0.68,0.43,0.41,Low,Below Benchmark,No,Yes,Yes,No,No,None
PORT_264dfbdc,James Burton,Hedge Fund,4841.44,EU,0.34,0.69,0.88,0.2,High,Below Benchmark,Yes,Yes,Yes,No,Yes,None
PORT_7780f9af,Marcus Serrano,Real Assets,981.58,EU,0.01,0.22,0.75,0.16,Low,Below Benchmark,Yes,Yes,Yes,No,No,None
PORT_b52377cb,Michael Keith,Balanced,7746.28,EU,0.25,0.03,0.66,0.79,High,Meeting Benchmark,Yes,No,No,No,No,None
PORT_b3c844d0,Elizabeth Valencia,Fixed Income,7364.65,Global,0.57,0.6,0.25,0.53,High,Above Benchmark,Yes,No,No,No,Yes,Style Drift
PORT_fba76290,Joshua Myers,Balanced,5779.87,EU,0.65,0.92,0.79,0.58,Low,Above Benchmark,No,No,No,No,No,None
PORT_219fec8d,Christian Dodson,Real Assets,6893.6,EU,0.57,0.93,0.48,0.63,High,Meeting Benchmark,Yes,No,No,Yes,No,None
PORT_ffea4182,Tina Rodriguez,Balanced,9656.45,Asia-Pacific,0.97,0.9,0.92,0.51,Low,Below Benchmark,Yes,Yes,Yes,Yes,No,None
PORT_605f8508,Anthony Potter,Fixed Income,7877.06,U.S.,0.83,0.37,0.15,0.69,Low,Meeting Benchmark,No,No,Yes,No,No,None
PORT_2dc9e3ca,Peter Cunningham,Fixed Income,1286.2,Asia-Pacific,0.36,0.56,0.86,0.72,High,Above Benchmark,No,No,Yes,No,No,None
PORT_f010bb66,Jeanette Swanson,Equity,4755.53,Asia-Pacific,0.7,0.0,0.36,0.79,Low,Meeting Benchmark,No,No,Yes,Yes,Yes,Conflict of Interest
PORT_ccf171a8,Mary Jackson,Balanced,2098.55,EU,0.1,0.14,0.26,0.76,Moderate,Above Benchmark,No,Yes,No,Yes,No,None
PORT_b44e6316,Randy Villarreal,Balanced,2586.39,U.S.,0.83,0.11,0.77,0.86,Moderate,Meeting Benchmark,No,Yes,No,No,No,None
PORT_5da2dfd1,Jason Ramos,Equity,9612.63,U.S.,0.97,0.71,0.11,0.25,High,Below Benchmark,No,No,Yes,Yes,No,None
PORT_de6d209a,Christina Rivera,Equity,4838.77,EU,0.38,0.25,0.69,0.72,Moderate,Meeting Benchmark,No,Yes,Yes,No,Yes,None
PORT_77c8a45e,Lauren Cannon,Hedge Fund,1642.19,EU,0.56,0.2,0.51,0.99,Low,Above Benchmark,Yes,Yes,Yes,No,Yes,None
PORT_ee5b4463,Mark Wood,Real Assets,6510.53,Global,0.61,0.36,0.05,0.59,Low,Above Benchmark,No,Yes,No,Yes,No,None
PORT_a934ab37,Brooke Crawford,Balanced,1449.87,Global,0.35,0.28,0.18,0.76,Low,Below Benchmark,No,Yes,Yes,Yes,No,None
PORT_a82884a0,Casey Bowman,Fixed Income,1452.6,U.S.,0.65,0.65,0.47,0.98,Moderate,Above Benchmark,Yes,Yes,No,Yes,Yes,Diversification Breach
PORT_79af1b62,Mary Long,Equity,9041.44,EU,0.14,0.42,0.79,0.96,Low,Meeting Benchmark,No,No,Yes,Yes,Yes,Diversification Breach
PORT_2fee5f56,Daniel Murphy II,Real Assets,7602.79,EU,0.39,0.13,0.02,0.57,Moderate,Above Benchmark,No,Yes,No,No,Yes,Diversification Breach
PORT_35f9c1d7,Shane Martinez,Balanced,3449.56,U.S.,0.44,0.05,0.77,0.57,Low,Below Benchmark,Yes,Yes,Yes,Yes,No,None
PORT_70a85d6f,Chad Aguilar,Hedge Fund,6619.33,U.S.,0.81,0.39,0.62,0.32,Low,Below Benchmark,Yes,Yes,No,No,No,None
PORT_455995da,Paul Morse,Equity,1486.18,Asia-Pacific,0.73,0.1,0.27,0.08,Low,Meeting Benchmark,No,No,Yes,No,No,None
PORT_4fa52e37,Wesley Watkins,Fixed Income,7703.88,U.S.,0.85,0.57,0.5,0.02,High,Meeting Benchmark,No,No,Yes,Yes,Yes,Style Drift
PORT_ea97ca8f,Stephanie Blanchard,Real Assets,9542.66,U.S.,0.27,0.25,0.63,0.76,Moderate,Below Benchmark,No,No,No,Yes,No,None
PORT_d506f2f4,Danielle Roy,Equity,8938.38,Asia-Pacific,0.36,0.63,0.67,0.53,High,Below Benchmark,No,No,No,No,No,None
PORT_dc3f07b7,Dalton Myers,Balanced,8101.86,Asia-Pacific,0.84,0.95,0.82,0.02,High,Above Benchmark,Yes,No,Yes,Yes,No,None
PORT_7c29da8f,Susan Medina,Hedge Fund,7045.34,Asia-Pacific,0.12,0.86,0.15,0.05,Moderate,Meeting Benchmark,No,No,No,Yes,No,None
PORT_e8166738,Raymond Irwin,Balanced,3865.11,Global,0.21,0.06,0.11,0.7,Moderate,Meeting Benchmark,Yes,No,No,Yes,No,None
PORT_536dc717,Sara Henderson,Balanced,9593.22,U.S.,0.63,0.66,0.47,0.98,High,Meeting Benchmark,No,No,No,Yes,No,None
PORT_5bdd16ac,Hunter Ramsey,Balanced,5278.41,Asia-Pacific,0.24,0.2,0.75,0.48,Low,Above Benchmark,Yes,No,No,Yes,No,None
PORT_e4cc3870,Amanda Blake,Equity,115.09,Asia-Pacific,0.99,0.97,0.6,0.15,High,Meeting Benchmark,No,No,Yes,Yes,No,None
PORT_23df8cee,Paula Bird,Hedge Fund,8727.89,Global,0.65,0.07,0.57,0.89,Moderate,Below Benchmark,Yes,Yes,Yes,No,No,None
PORT_4c7a63a9,Alicia Smith,Hedge Fund,9148.5,Global,0.06,1.0,0.36,0.34,Low,Below Benchmark,Yes,Yes,No,Yes,Yes,Style Drift
PORT_18cfcc0a,Amy Brown,Real Assets,7362.04,EU,0.68,0.15,0.28,0.33,Low,Above Benchmark,Yes,Yes,No,Yes,No,None
PORT_e55cb3c7,Anna Rogers,Hedge Fund,6087.51,U.S.,0.13,0.26,0.86,0.3,Moderate,Meeting Benchmark,No,No,No,Yes,No,None
PORT_d6d80300,David Lopez,Fixed Income,6189.91,EU,0.25,0.42,0.05,0.93,Moderate,Below Benchmark,No,No,No,Yes,No,None
PORT_bed648e9,Alexander Jones,Equity,5585.19,U.S.,0.69,0.81,0.38,0.25,High,Meeting Benchmark,No,Yes,Yes,No,No,None
PORT_71046cb0,Gary Taylor,Real Assets,9459.47,EU,0.7,0.91,0.28,0.63,High,Below Benchmark,No,Yes,No,Yes,No,None
PORT_c86a388f,Troy Harmon,Hedge Fund,3772.57,U.S.,0.49,0.04,0.41,0.98,Low,Below Benchmark,Yes,Yes,Yes,No,No,None
PORT_5252b709,Meagan Young,Hedge Fund,2372.2,U.S.,0.8,0.1,0.11,0.47,Low,Meeting Benchmark,No,Yes,Yes,No,Yes,Style Drift
PORT_6b991524,Joel Keller,Balanced,7693.12,EU,0.53,0.71,0.26,0.23,Moderate,Below Benchmark,Yes,Yes,Yes,No,No,None
PORT_2f5df155,Sergio Liu,Fixed Income,1281.17,U.S.,0.61,0.9,0.62,0.94,High,Above Benchmark,Yes,No,Yes,Yes,No,None
PORT_b63ef6a8,Jerry Ferguson,Fixed Income,1847.83,EU,0.33,0.03,0.85,0.95,High,Above Benchmark,No,No,No,Yes,No,None
PORT_e3e555b4,Brenda Walker,Equity,690.62,Global,0.31,0.34,0.82,0.05,Moderate,Above Benchmark,No,Yes,Yes,Yes,No,None
PORT_b87da226,Seth Baker,Equity,8060.89,EU,0.83,0.88,0.21,0.5,Low,Above Benchmark,Yes,Yes,No,No,No,None
PORT_0938653f,Anna Young,Balanced,6458.37,U.S.,0.8,0.64,0.62,0.66,Moderate,Above Benchmark,Yes,No,No,No,Yes,Style Drift
PORT_6e8217e5,Jacqueline Cox,Real Assets,7972.59,EU,0.66,0.17,0.11,0.47,Low,Below Benchmark,No,Yes,Yes,No,No,None
PORT_513e7f99,Cynthia Stark,Real Assets,8919.98,Asia-Pacific,0.77,0.06,0.16,0.16,Low,Meeting Benchmark,Yes,Yes,No,Yes,No,None
PORT_c7dd4efe,Arthur Rodgers,Balanced,3730.48,Global,0.75,0.86,0.65,0.85,Moderate,Below Benchmark,No,Yes,No,No,No,None
PORT_645f2ced,Raymond Holt,Real Assets,1889.83,Asia-Pacific,0.82,0.0,0.81,0.44,Low,Above Benchmark,Yes,Yes,Yes,Yes,No,None
PORT_e2e5634d,Kelli Sanchez,Balanced,2369.28,Asia-Pacific,0.45,0.48,0.12,0.67,High,Above Benchmark,Yes,No,No,Yes,Yes,Style Drift
PORT_cf5bc1a6,Suzanne Dalton,Real Assets,2298.06,Asia-Pacific,0.61,0.51,0.33,0.83,Low,Below Benchmark,Yes,No,No,No,No,None
PORT_eab8ce88,Jeffrey Williams,Real Assets,7949.96,Global,0.72,0.46,0.59,0.07,High,Meeting Benchmark,No,Yes,Yes,No,No,None
PORT_b8c7f02d,Amy Rodriguez,Real Assets,2693.85,Global,0.09,0.56,0.0,0.24,Low,Above Benchmark,Yes,No,No,No,No,None
PORT_ff6f9c0a,Jeanette Mills,Equity,6773.2,U.S.,0.52,0.57,0.43,0.69,Moderate,Meeting Benchmark,No,Yes,No,No,No,None
PORT_53388e9f,Michelle Smith,Hedge Fund,803.52,Global,0.03,0.57,0.21,0.64,High,Above Benchmark,No,No,Yes,No,No,None
PORT_7a18b732,Mary Hayden,Hedge Fund,5763.34,Asia-Pacific,0.15,0.0,0.0,0.28,Low,Meeting Benchmark,No,No,No,No,No,None
PORT_71709378,Brittany Mckay,Real Assets,6731.9,Global,0.79,0.28,0.5,0.32,Moderate,Above Benchmark,No,Yes,No,Yes,No,None
PORT_6f433c74,Latasha Dean,Real Assets,7376.37,U.S.,0.51,0.47,0.83,0.77,Moderate,Meeting Benchmark,No,No,No,Yes,No,None
PORT_21546fc9,Melissa Wyatt,Real Assets,2156.11,Asia-Pacific,0.62,0.16,0.2,0.99,Low,Meeting Benchmark,No,Yes,No,Yes,No,None
PORT_982b38a1,Todd Griffin,Fixed Income,9825.06,Asia-Pacific,0.21,0.95,0.51,0.97,Moderate,Below Benchmark,Yes,No,Yes,No,No,None
PORT_55e2790a,Denise Mason,Hedge Fund,2271.04,Asia-Pacific,0.82,0.21,0.77,0.91,Low,Meeting Benchmark,No,Yes,No,Yes,No,None
PORT_33ab0f58,Max Owen,Fixed Income,2059.06,EU,0.45,0.71,0.17,0.59,Moderate,Below Benchmark,No,No,Yes,No,No,None
PORT_67c091af,Bryce Marshall,Fixed Income,4185.38,U.S.,0.59,0.55,0.49,0.42,Moderate,Above Benchmark,No,Yes,Yes,No,No,None
PORT_14323538,William Howell,Balanced,1463.19,U.S.,0.51,0.55,0.8,0.14,Moderate,Above Benchmark,Yes,Yes,Yes,Yes,No,None
PORT_85f30b86,Linda Parker,Balanced,8515.07,Global,0.1,0.62,0.33,0.25,High,Above Benchmark,Yes,No,Yes,No,No,None
PORT_359ab958,Stephanie Henson,Hedge Fund,6741.5,Asia-Pacific,0.16,0.69,0.9,0.92,Low,Meeting Benchmark,Yes,No,No,No,No,None
PORT_6ee0aed8,Sheila Johnston,Hedge Fund,4019.47,EU,0.49,0.74,0.26,0.82,High,Above Benchmark,No,No,No,No,No,None
PORT_e22a0ddc,Craig Walker,Hedge Fund,2700.68,U.S.,0.48,0.04,0.44,0.88,High,Below Benchmark,No,Yes,Yes,No,No,None
PORT_579a6fb9,Emily Davis,Equity,7109.04,Asia-Pacific,0.65,0.18,0.55,0.7,High,Above Benchmark,Yes,Yes,Yes,Yes,No,None
PORT_2dc17a10,Danielle Foster,Balanced,5528.36,U.S.,0.8,0.21,0.31,0.63,Low,Meeting Benchmark,Yes,Yes,Yes,Yes,No,None
PORT_e4f03119,Emily Herrera,Fixed Income,55.75,Global,0.72,0.85,1.0,0.19,Moderate,Meeting Benchmark,Yes,Yes,No,No,No,None
PORT_b7af7fd3,Michele Campbell,Equity,4520.72,Asia-Pacific,0.85,0.34,0.23,0.91,Moderate,Above Benchmark,Yes,No,No,Yes,No,None
PORT_5627db7f,Leslie Quinn,Balanced,6607.0,U.S.,0.03,0.09,0.86,0.7,High,Below Benchmark,Yes,No,Yes,No,No,None
PORT_daf68f89,Ashley Vega,Real Assets,1104.41,EU,0.81,0.41,0.5,0.92,Moderate,Meeting Benchmark,Yes,Yes,Yes,Yes,Yes,Style Drift
PORT_8a09787f,Stephen Taylor,Equity,3880.48,Asia-Pacific,0.56,0.18,0.65,0.53,Low,Below Benchmark,No,Yes,Yes,Yes,No,None
PORT_51f6926f,Julia Krueger,Equity,689.76,Asia-Pacific,0.46,0.33,0.5,0.39,Low,Meeting Benchmark,No,Yes,No,No,No,None
PORT_bc259dd4,Denise Pham,Fixed Income,5654.74,U.S.,0.18,0.25,0.41,0.43,Low,Meeting Benchmark,Yes,No,No,No,No,None
PORT_dad81453,Logan Roberson,Real Assets,8172.87,Global,0.08,0.74,0.3,0.69,High,Meeting Benchmark,Yes,No,Yes,Yes,No,None
PORT_35f45456,Gail Stewart,Real Assets,5989.95,Asia-Pacific,0.97,0.8,0.45,0.25,High,Meeting Benchmark,No,Yes,No,Yes,No,None
PORT_fdc43e9f,Elizabeth Wright,Hedge Fund,8320.76,U.S.,0.1,0.23,0.15,0.25,Low,Below Benchmark,Yes,No,No,No,No,None
PORT_9f372bff,Latasha Brown,Hedge Fund,1366.38,U.S.,0.5,0.93,0.06,0.14,Low,Above Benchmark,Yes,No,Yes,No,No,None
PORT_916ccf12,Jacqueline Barton,Real Assets,8540.61,U.S.,0.31,0.61,0.2,0.86,Moderate,Meeting Benchmark,Yes,No,No,Yes,No,None
PORT_293bbead,Deborah Richard,Real Assets,8318.72,Global,0.62,0.36,0.26,0.49,High,Below Benchmark,Yes,No,No,No,Yes,Style Drift
PORT_15a64661,Michael Lewis,Equity,400.34,EU,0.74,0.21,0.97,0.18,High,Above Benchmark,Yes,No,No,No,No,None
PORT_da4418a1,Daniel Shelton,Equity,4712.05,Asia-Pacific,0.59,0.4,0.25,0.1,Low,Above Benchmark,Yes,Yes,Yes,Yes,No,None
PORT_0247c3e7,Melinda Anderson,Balanced,4760.77,Asia-Pacific,0.38,0.19,0.7,0.22,Moderate,Above Benchmark,No,No,No,No,No,None
PORT_203cc2b1,Brad Kelly,Fixed Income,4660.64,Global,0.7,0.31,0.15,0.4,Low,Meeting Benchmark,No,No,No,No,No,None
PORT_f54562c7,Trevor Olsen,Equity,2889.64,EU,0.15,0.4,0.87,0.74,High,Meeting Benchmark,Yes,Yes,Yes,Yes,No,None
PORT_4a893f4e,Aimee Gordon,Hedge Fund,959.04,Global,0.38,0.77,0.63,0.71,Low,Meeting Benchmark,Yes,Yes,Yes,Yes,No,None
PORT_b8d72dfb,Mike Kim,Real Assets,978.79,Asia-Pacific,0.83,0.78,0.51,0.94,Low,Above Benchmark,Yes,No,Yes,No,No,None
PORT_6367a150,Edward Evans,Balanced,3812.99,Asia-Pacific,0.1,0.26,0.03,0.29,Moderate,Above Benchmark,Yes,No,No,No,No,None
PORT_f452a20b,Amy Kline,Real Assets,2750.75,Global,0.32,0.33,0.7,0.37,Low,Above Benchmark,No,Yes,No,No,No,None
PORT_76f74355,Stacey Perez,Equity,5464.11,EU,0.82,0.08,0.63,0.71,High,Below Benchmark,Yes,No,Yes,Yes,No,None
PORT_ae753993,Helen Wilkinson,Fixed Income,9474.71,Asia-Pacific,0.35,0.06,0.62,0.93,Moderate,Above Benchmark,Yes,No,Yes,Yes,No,None
PORT_b000367a,William Orozco,Equity,1266.11,U.S.,0.29,0.73,0.09,0.05,High,Below Benchmark,Yes,No,Yes,No,Yes,None
PORT_6d00a13f,Sandra Andrews,Fixed Income,533.81,U.S.,0.26,0.3,0.3,0.64,High,Above Benchmark,Yes,No,Yes,No,No,None
PORT_2d85bbd0,Joe Jackson,Fixed Income,6076.55,Global,0.35,0.36,0.97,0.73,High,Below Benchmark,Yes,Yes,Yes,Yes,No,None
PORT_d0f109d7,Brittany Thomas,Balanced,9086.18,Global,0.92,0.5,0.12,0.68,Moderate,Meeting Benchmark,Yes,Yes,Yes,Yes,No,None
PORT_31ecf0b4,Kristen Kelley,Hedge Fund,9330.76,Global,0.96,0.79,1.0,0.5,Moderate,Below Benchmark,No,No,Yes,No,No,None
PORT_ae680400,Kelly Brown,Real Assets,7468.59,Global,0.65,0.64,0.32,0.73,High,Above Benchmark,Yes,Yes,No,Yes,Yes,Diversification Breach
PORT_73b75a15,John Mendoza,Real Assets,3123.59,Global,0.1,0.39,0.86,0.53,Moderate,Meeting Benchmark,No,No,Yes,No,No,None
PORT_8fc4809a,Tracy Monroe,Balanced,6899.7,Asia-Pacific,0.74,0.16,0.21,0.5,Low,Above Benchmark,No,No,Yes,No,No,None
PORT_2262ebdf,Catherine Fisher,Real Assets,6684.21,Global,0.65,0.57,0.19,0.85,Low,Above Benchmark,No,No,No,No,No,None
PORT_e060d39c,Mr. Michael Zhang,Fixed Income,6358.69,EU,0.02,0.97,0.24,0.07,Low,Meeting Benchmark,Yes,No,Yes,Yes,Yes,None
PORT_0e9f3418,Steven Reyes,Hedge Fund,6238.31,U.S.,0.97,0.7,0.54,0.56,High,Meeting Benchmark,No,No,No,No,Yes,Style Drift
PORT_78015604,Natalie Johnston,Real Assets,7596.62,Asia-Pacific,0.42,0.75,0.28,0.72,High,Above Benchmark,No,No,Yes,No,No,None
PORT_190be23f,Carrie Berger,Fixed Income,96.92,Asia-Pacific,0.48,0.44,0.45,0.03,Moderate,Below Benchmark,Yes,Yes,No,No,Yes,Style Drift
PORT_11f3d5ce,Kathryn Powell,Fixed Income,4472.05,U.S.,0.15,0.46,0.22,0.45,Moderate,Below Benchmark,No,No,No,No,No,None
PORT_198e53ac,Leonard Mueller,Hedge Fund,8794.15,Global,0.57,0.09,0.28,0.16,High,Meeting Benchmark,Yes,No,Yes,No,No,None
PORT_b1534da5,Julia Campbell,Hedge Fund,4906.71,U.S.,0.21,0.33,0.7,0.7,High,Above Benchmark,No,Yes,Yes,Yes,No,None
PORT_f85a5c26,Brian Perez,Hedge Fund,9731.81,U.S.,0.33,0.94,0.6,0.68,Moderate,Below Benchmark,Yes,No,No,Yes,No,None
PORT_ac6f35d2,Mia Beard,Balanced,9235.32,Asia-Pacific,0.49,0.5,0.73,0.5,Low,Meeting Benchmark,Yes,No,Yes,No,No,None
PORT_a94c579c,Jacqueline Bowen,Fixed Income,8702.32,U.S.,0.87,0.61,0.01,0.72,Low,Above Benchmark,Yes,No,Yes,Yes,No,None
PORT_cf131335,Jonathan Stuart,Real Assets,8890.81,Global,0.73,0.63,0.04,0.1,High,Meeting Benchmark,No,No,No,Yes,No,None
PORT_bfeb6ec6,Phillip Campos,Equity,2913.23,Global,0.99,0.26,0.85,1.0,Moderate,Above Benchmark,No,No,Yes,No,No,None
PORT_c300eca2,Linda Mullins,Fixed Income,9597.36,EU,0.29,0.99,0.59,0.45,Low,Meeting Benchmark,Yes,No,No,Yes,No,None
PORT_ec892d26,Jordan Clark,Equity,4218.3,EU,0.84,0.81,0.2,0.68,High,Above Benchmark,No,Yes,Yes,Yes,No,None
PORT_f7d030fd,Keith Morrison,Balanced,5325.39,Global,0.34,0.67,0.51,0.85,Moderate,Meeting Benchmark,No,No,Yes,Yes,No,None
PORT_e2503abb,Matthew Gonzalez,Real Assets,8813.48,EU,0.13,0.32,0.01,0.9,Low,Meeting Benchmark,No,Yes,Yes,No,No,None
PORT_f2b51d3b,Richard May,Equity,7717.27,EU,0.88,0.53,0.88,0.82,High,Meeting Benchmark,No,Yes,Yes,No,No,None
PORT_bed17e25,Kiara Paul,Balanced,201.18,EU,0.09,0.3,0.0,0.74,Low,Above Benchmark,No,Yes,Yes,No,No,None
PORT_79a46bf9,Jason Webster,Fixed Income,8293.12,Asia-Pacific,0.55,0.73,0.26,0.08,Moderate,Below Benchmark,Yes,No,No,Yes,No,None
PORT_e237af67,Chelsea Garcia,Balanced,4390.4,Asia-Pacific,0.44,0.26,0.37,0.25,Low,Below Benchmark,Yes,Yes,Yes,Yes,No,None
PORT_23cb20c3,David Wade,Balanced,1862.67,EU,0.27,0.87,0.15,0.81,Low,Above Benchmark,No,Yes,No,Yes,Yes,Diversification Breach
PORT_a0ad6776,Michael Russell,Real Assets,2420.13,Global,0.25,0.14,0.78,0.92,Moderate,Below Benchmark,No,No,No,Yes,No,None
PORT_0231e1c0,Marie Nash,Real Assets,6950.23,Global,0.1,0.56,0.64,0.02,High,Meeting Benchmark,Yes,Yes,No,No,No,None
PORT_c46a39a8,Tina Travis,Fixed Income,3124.3,Asia-Pacific,0.03,0.87,0.52,0.46,High,Above Benchmark,No,No,Yes,No,Yes,None
PORT_bc1e218c,Jasmine Brandt,Real Assets,9043.36,Asia-Pacific,0.35,0.08,0.59,0.07,High,Below Benchmark,Yes,Yes,Yes,Yes,No,None
PORT_d766e8cb,Terri Stark,Equity,9745.81,Asia-Pacific,0.69,0.05,0.44,0.68,High,Below Benchmark,Yes,Yes,No,No,Yes,None
PORT_1ae3f1a5,Heidi Santana,Real Assets,7068.54,Global,0.75,0.96,0.81,0.99,Low,Above Benchmark,No,Yes,No,Yes,No,None
PORT_6893fc21,Samuel Smith,Balanced,758.04,Global,0.49,0.03,0.31,0.29,High,Meeting Benchmark,Yes,No,Yes,Yes,No,None
PORT_d6568099,Christopher Pearson,Real Assets,3791.55,Asia-Pacific,0.12,0.24,0.1,0.42,Moderate,Below Benchmark,No,No,Yes,No,No,None
PORT_cb6938bd,Courtney Alvarado,Real Assets,1021.54,EU,0.48,0.45,0.43,0.87,Moderate,Above Benchmark,No,No,No,Yes,No,None
PORT_d98661fd,Deborah Martin,Fixed Income,5539.21,Asia-Pacific,0.29,0.72,0.55,0.51,Low,Below Benchmark,Yes,No,Yes,Yes,No,None
PORT_0324005c,Kelly Cuevas,Fixed Income,3764.82,Global,0.53,0.08,0.2,0.41,Moderate,Above Benchmark,No,Yes,No,No,No,None
PORT_db2a28a9,Elizabeth Mitchell,Equity,3915.27,Global,0.51,0.95,0.65,0.03,Low,Above Benchmark,Yes,Yes,Yes,No,No,None
PORT_bbfcb018,Austin Brown,Fixed Income,6548.1,Global,0.34,0.36,0.31,0.48,High,Meeting Benchmark,No,No,Yes,No,No,None
PORT_3721afb6,Terri Meadows,Fixed Income,5846.77,EU,0.02,0.15,0.64,0.43,High,Above Benchmark,No,Yes,Yes,Yes,No,None
PORT_da7965b4,Amanda Sheppard,Fixed Income,2097.75,Global,0.03,0.82,1.0,0.93,Moderate,Below Benchmark,Yes,No,Yes,No,No,None
PORT_caa0e94a,Katie Carr DDS,Balanced,166.39,U.S.,0.5,0.48,0.53,0.55,Low,Meeting Benchmark,Yes,Yes,No,Yes,No,None
PORT_2cdc9c57,Derek Rogers,Equity,4699.22,Global,0.3,0.66,0.29,0.19,High,Meeting Benchmark,No,No,Yes,Yes,No,None
PORT_386c44a4,Marcus Grant,Balanced,8662.94,U.S.,0.64,0.84,0.01,0.19,High,Meeting Benchmark,No,Yes,Yes,Yes,No,None
PORT_1644cbe7,Cindy Lane,Real Assets,8025.85,U.S.,0.61,0.74,0.57,0.64,Low,Below Benchmark,No,No,Yes,Yes,Yes,Diversification Breach
PORT_260b1f43,Danielle Jackson,Equity,6619.03,Global,0.58,0.32,0.35,0.05,High,Above Benchmark,Yes,No,Yes,No,Yes,None
PORT_cdefbeaf,Luke Williams,Equity,9990.24,Asia-Pacific,0.92,0.97,0.11,0.96,High,Meeting Benchmark,Yes,Yes,No,Yes,No,None
PORT_8f02daa2,Joseph Johnson,Equity,6270.47,U.S.,0.98,0.04,0.63,0.65,High,Above Benchmark,No,No,No,No,Yes,None
PORT_dab1e937,Dr. Jacob Kelly,Balanced,7591.46,U.S.,0.11,0.89,0.68,0.36,High,Meeting Benchmark,No,Yes,No,No,Yes,None
PORT_901556b4,Joshua Diaz,Balanced,6496.01,U.S.,0.99,0.21,0.59,0.25,High,Below Benchmark,No,No,Yes,Yes,No,None
PORT_122d450a,Morgan Wilson,Equity,436.57,U.S.,0.49,0.52,0.1,0.82,Low,Meeting Benchmark,No,Yes,Yes,Yes,No,None
PORT_eaa6ba9b,Summer Thompson,Equity,4313.12,EU,0.39,0.58,0.39,0.75,Moderate,Below Benchmark,No,Yes,No,No,No,None
PORT_78663d7f,Dawn Hunt,Balanced,1768.23,Asia-Pacific,0.58,0.51,0.55,0.47,High,Meeting Benchmark,Yes,Yes,Yes,No,No,None
PORT_8ae87206,Melvin Stanley,Real Assets,2343.72,U.S.,0.91,0.2,0.42,0.48,Low,Meeting Benchmark,Yes,Yes,Yes,Yes,No,None
PORT_11955c32,Michael Brady,Hedge Fund,379.27,Asia-Pacific,0.53,0.72,0.36,0.49,Moderate,Above Benchmark,No,Yes,Yes,No,No,None
PORT_9cc01d62,Laura Salas,Equity,9572.62,EU,0.9,0.12,0.45,0.62,Low,Above Benchmark,No,Yes,Yes,Yes,No,None
PORT_b24985a6,Johnny Austin,Balanced,5996.06,Asia-Pacific,0.43,0.23,0.44,0.53,Moderate,Above Benchmark,Yes,No,Yes,Yes,No,None
PORT_be21e1fa,Jessica Kelly,Hedge Fund,1987.4,EU,0.32,0.23,0.78,0.05,Low,Above Benchmark,Yes,No,Yes,Yes,Yes,None
PORT_42340454,Scott Willis DDS,Balanced,2993.62,Asia-Pacific,0.47,0.89,0.66,0.03,Low,Below Benchmark,Yes,No,Yes,No,No,None
PORT_1560279a,Kristen Patel,Hedge Fund,5269.42,EU,0.75,0.72,0.98,0.08,Low,Above Benchmark,No,No,No,Yes,Yes,Conflict of Interest
PORT_ef654704,Thomas Snyder,Balanced,3147.85,EU,0.33,0.52,0.06,0.81,Moderate,Above Benchmark,No,No,No,Yes,Yes,Conflict of Interest
PORT_d38f78cb,Bruce Thompson,Hedge Fund,7567.58,Asia-Pacific,0.86,0.3,0.54,0.86,Low,Above Benchmark,Yes,Yes,No,Yes,No,None
PORT_f53bd4bc,Charles Nunez MD,Balanced,6899.27,EU,0.65,0.03,0.29,0.5,Moderate,Below Benchmark,No,No,No,Yes,No,None
PORT_217da93b,Robert Dickerson,Balanced,5868.02,Asia-Pacific,0.01,0.97,0.7,0.29,Low,Above Benchmark,Yes,No,Yes,No,No,None
PORT_2fe18f9b,Jeffrey Brandt,Hedge Fund,2914.9,EU,0.26,0.96,0.99,0.49,High,Above Benchmark,Yes,No,Yes,Yes,Yes,Style Drift
PORT_41220fd2,Jessica Mccarthy,Fixed Income,2057.1,U.S.,0.73,0.54,0.87,0.17,Moderate,Meeting Benchmark,No,No,No,No,No,None
PORT_27272f47,Carrie Kent,Hedge Fund,7974.01,EU,0.71,0.53,0.57,0.93,Low,Below Benchmark,No,Yes,No,No,No,None
PORT_b6d245b5,William Mills,Hedge Fund,5694.8,U.S.,0.02,0.21,0.61,0.1,Moderate,Meeting Benchmark,Yes,Yes,No,No,No,None
PORT_690cd1ab,Matthew Smith,Equity,189.35,Asia-Pacific,0.63,0.04,0.54,0.82,Moderate,Below Benchmark,Yes,Yes,No,No,No,None
PORT_9835da43,Virginia Osborne,Balanced,9770.14,U.S.,0.75,0.75,0.6,0.9,Low,Meeting Benchmark,No,Yes,No,Yes,Yes,Style Drift
PORT_b5b32ee1,Andrew Chandler,Real Assets,2448.38,Global,0.45,0.8,0.12,0.72,High,Below Benchmark,Yes,No,No,Yes,Yes,Conflict of Interest
PORT_e87e3ccd,Karen James,Real Assets,7914.59,EU,0.36,0.41,0.41,0.73,Low,Above Benchmark,No,No,No,Yes,No,None
PORT_5dc2ebe8,Anthony Patterson,Balanced,1500.66,Global,0.04,0.86,0.31,0.03,High,Above Benchmark,No,No,No,No,No,None
PORT_818214c9,Joseph Hess,Equity,435.82,Asia-Pacific,0.3,0.11,0.85,0.2,Low,Above Benchmark,No,No,No,No,No,None
PORT_c9ac1105,Amy Walters,Balanced,1880.6,Asia-Pacific,0.86,0.32,0.52,0.22,Low,Meeting Benchmark,No,No,No,No,Yes,Conflict of Interest
PORT_daf130a8,Alicia Simon,Real Assets,4248.24,U.S.,0.41,0.5,0.03,0.63,High,Meeting Benchmark,No,No,No,Yes,No,None
PORT_14b393c5,Christian Macias,Real Assets,6501.48,EU,0.84,0.21,0.3,0.31,Moderate,Above Benchmark,No,No,No,No,No,None
PORT_adb4bd42,Sally Ortiz,Balanced,6536.64,EU,0.31,0.45,0.14,0.59,Moderate,Above Benchmark,Yes,Yes,No,Yes,No,None
PORT_2d92b429,Darryl Soto,Real Assets,8788.62,Global,0.79,0.26,0.73,0.72,Moderate,Above Benchmark,Yes,No,No,No,No,None
PORT_e562ad64,James Pittman,Balanced,2720.8,U.S.,0.27,0.62,0.96,0.44,Low,Below Benchmark,Yes,No,No,Yes,No,None
PORT_9cf5fd1f,Joseph Huffman,Balanced,3547.24,Asia-Pacific,0.7,0.29,0.59,0.19,Moderate,Above Benchmark,No,Yes,Yes,No,No,None
PORT_86dea63e,Edward Brown,Balanced,7478.16,EU,0.5,0.74,0.39,0.07,Moderate,Meeting Benchmark,No,No,Yes,Yes,Yes,None
PORT_a309c364,Joshua Stevens,Equity,4799.59,Global,0.04,0.18,0.07,0.7,Low,Above Benchmark,Yes,Yes,Yes,Yes,No,None
PORT_ab555aee,Brandon Fisher,Balanced,910.06,Asia-Pacific,0.45,0.61,0.5,0.63,Moderate,Below Benchmark,No,No,No,No,No,None
PORT_4a8d1b3d,Cynthia George,Fixed Income,6027.8,EU,0.94,0.57,0.54,0.54,High,Below Benchmark,Yes,Yes,Yes,Yes,No,None
PORT_40ef0236,Jonathan James,Real Assets,7868.86,EU,0.4,0.43,0.24,0.58,Low,Above Benchmark,No,Yes,No,Yes,Yes,Style Drift
PORT_5840e6f6,Hector Davidson,Equity,1893.95,EU,0.92,0.45,0.43,0.61,Low,Meeting Benchmark,No,Yes,No,Yes,Yes,Style Drift
PORT_c34bb500,Samantha James,Equity,9837.48,Global,0.33,0.99,0.8,0.64,Moderate,Meeting Benchmark,No,Yes,No,No,No,None
PORT_19a9bb96,Joseph Medina,Real Assets,4318.42,Asia-Pacific,0.16,0.51,0.5,0.96,High,Above Benchmark,No,No,Yes,No,Yes,Style Drift
PORT_c707918e,John Cunningham,Fixed Income,6437.78,EU,0.18,0.81,0.65,0.21,High,Above Benchmark,Yes,No,Yes,Yes,No,None
PORT_80ee48a5,Gregg Johnson,Hedge Fund,5359.97,Global,0.88,0.26,0.45,0.04,Low,Meeting Benchmark,Yes,No,Yes,No,No,None
PORT_136a38a9,Oscar Bennett,Hedge Fund,287.41,Asia-Pacific,0.99,0.52,0.07,0.49,Low,Above Benchmark,No,Yes,Yes,No,No,None
PORT_662360bc,Douglas Cannon,Real Assets,5494.5,Asia-Pacific,0.81,0.06,0.66,0.33,Moderate,Below Benchmark,Yes,Yes,No,No,No,None
PORT_31071b8c,Robert Webb,Balanced,2011.43,Global,0.51,0.65,0.38,0.14,Moderate,Below Benchmark,Yes,Yes,Yes,No,Yes,Conflict of Interest
PORT_c0204911,John Keller,Balanced,1251.56,Asia-Pacific,0.39,0.75,0.74,0.98,Low,Meeting Benchmark,No,No,No,No,No,None
PORT_a3f0e13a,Ethan Harris,Fixed Income,7219.59,EU,0.84,0.89,0.88,0.67,Low,Above Benchmark,No,Yes,No,Yes,No,None
PORT_b668a6d5,Daniel Arnold,Hedge Fund,4586.99,Asia-Pacific,0.29,0.56,0.53,0.6,High,Meeting Benchmark,Yes,Yes,No,Yes,No,None
PORT_2152f09d,Shelly Miles,Real Assets,9597.19,Global,0.55,0.38,0.82,0.2,High,Meeting Benchmark,Yes,No,Yes,Yes,No,None
PORT_e52ef2b1,Misty Woods,Balanced,7720.44,EU,0.23,0.52,0.49,0.34,High,Above Benchmark,No,No,Yes,Yes,Yes,Style Drift
PORT_5e6582d7,Timothy Brown,Fixed Income,5424.49,EU,0.02,0.34,0.33,0.65,High,Meeting Benchmark,Yes,Yes,No,Yes,No,None
PORT_e1eaf9e3,Eric Sanders,Balanced,8342.2,Global,0.85,0.86,0.85,0.83,Low,Below Benchmark,No,Yes,Yes,No,No,None
PORT_09ef3ecf,Clinton Ramirez,Hedge Fund,6000.38,Asia-Pacific,0.11,0.45,0.7,0.08,Moderate,Meeting Benchmark,Yes,Yes,Yes,Yes,No,None
PORT_823cf335,Mary Garcia,Real Assets,5790.67,Asia-Pacific,0.27,0.92,0.39,0.77,Moderate,Above Benchmark,Yes,Yes,Yes,Yes,No,None
PORT_066a5f47,Susan Jones,Hedge Fund,2891.04,Asia-Pacific,0.62,0.02,0.9,0.9,Moderate,Above Benchmark,Yes,Yes,No,No,No,None
PORT_70d81bfd,Erin Arias,Fixed Income,5886.81,U.S.,0.15,0.75,0.6,0.89,Low,Below Benchmark,Yes,No,Yes,Yes,No,None
PORT_2e71eba8,Jamie Holden,Hedge Fund,7199.04,U.S.,0.39,0.02,0.12,0.87,High,Meeting Benchmark,Yes,Yes,Yes,No,No,None
PORT_ba52bcd4,Daniel Miller,Real Assets,5445.16,Asia-Pacific,0.95,0.8,0.41,0.54,Moderate,Meeting Benchmark,Yes,Yes,No,No,No,None
PORT_70f7087d,Brenda Osborne,Equity,9047.21,Global,0.86,0.57,0.28,0.54,Moderate,Meeting Benchmark,Yes,Yes,Yes,Yes,Yes,Diversification Breach
PORT_628ee2aa,Ronald Shea,Hedge Fund,5722.84,Asia-Pacific,0.68,0.18,0.66,0.8,Low,Above Benchmark,No,No,Yes,No,No,None
PORT_2720627f,Bryan Oliver,Real Assets,8636.65,Asia-Pacific,0.37,0.09,0.03,0.25,High,Below Benchmark,Yes,Yes,No,Yes,No,None
PORT_33d19b94,Amy Wise,Equity,8032.82,Asia-Pacific,0.88,0.89,0.42,0.8,High,Below Benchmark,Yes,Yes,Yes,Yes,No,None
PORT_3012fef0,Matthew Banks,Equity,3883.81,Global,0.72,0.24,0.71,0.85,High,Above Benchmark,No,Yes,No,Yes,No,None
PORT_35627df7,Robert Patterson,Hedge Fund,5664.68,Global,0.25,0.27,0.54,0.65,Moderate,Above Benchmark,Yes,No,Yes,No,No,None
PORT_a0393815,Adam Sutton,Fixed Income,481.27,Asia-Pacific,0.71,0.09,0.24,0.14,Moderate,Below Benchmark,Yes,Yes,No,No,No,None
PORT_ea4ceaec,Grant Knapp,Real Assets,9696.07,Asia-Pacific,0.06,0.73,0.99,0.79,Low,Below Benchmark,Yes,Yes,No,Yes,Yes,Style Drift
PORT_7188fa31,Jake Lane,Hedge Fund,2434.18,Asia-Pacific,0.04,0.64,0.03,0.2,Low,Meeting Benchmark,Yes,No,No,Yes,No,None
PORT_5734640e,John Holmes,Hedge Fund,6212.33,Asia-Pacific,0.33,0.42,0.39,0.98,High,Meeting Benchmark,No,No,No,No,Yes,None
PORT_996e2d93,Jay Williams,Real Assets,1184.24,EU,0.84,0.09,0.68,0.09,High,Meeting Benchmark,Yes,No,No,Yes,Yes,Diversification Breach
PORT_33a105e6,Dawn Moore,Real Assets,4921.56,U.S.,0.7,0.81,0.46,0.72,Moderate,Above Benchmark,No,Yes,No,No,No,None
PORT_d28103fe,Carlos Taylor,Real Assets,8672.54,U.S.,0.64,0.97,0.49,0.39,Low,Above Benchmark,No,No,No,No,No,None
PORT_3ecbc01a,Ellen Jarvis,Balanced,5363.2,Asia-Pacific,0.41,0.38,0.14,0.72,Low,Below Benchmark,Yes,Yes,No,No,Yes,None
PORT_d3bf641a,Joseph Velasquez,Fixed Income,3383.76,Global,0.37,0.5,0.26,0.74,High,Meeting Benchmark,Yes,No,Yes,Yes,Yes,Style Drift
PORT_f2037260,Sarah Black,Fixed Income,4549.41,U.S.,0.82,0.3,0.04,0.74,High,Below Benchmark,No,Yes,No,No,No,None
PORT_f004157d,Scott Walton,Real Assets,4698.92,EU,0.11,0.11,0.92,0.08,High,Below Benchmark,Yes,Yes,No,No,No,None
PORT_9648a006,Dana Figueroa,Real Assets,5338.7,U.S.,0.55,0.1,0.77,0.62,Moderate,Below Benchmark,No,Yes,No,No,No,None
PORT_429f69ba,Megan Thompson,Balanced,5513.26,Global,0.55,0.55,0.97,0.81,Low,Below Benchmark,No,Yes,No,No,No,None
PORT_2c9eee53,Amanda Day,Balanced,3835.93,Asia-Pacific,0.62,0.23,0.56,0.94,Moderate,Below Benchmark,No,Yes,No,No,Yes,Diversification Breach
PORT_289e76a7,Calvin Walker,Hedge Fund,6237.64,EU,0.23,0.09,0.23,0.43,Moderate,Meeting Benchmark,No,Yes,Yes,Yes,No,None
PORT_8890ee80,Brandon Dorsey,Real Assets,1935.48,U.S.,0.49,0.52,0.91,0.51,Low,Above Benchmark,No,Yes,Yes,Yes,Yes,None
PORT_499aecd8,Stephen Williams,Real Assets,85.61,U.S.,0.21,0.38,0.91,0.63,Moderate,Meeting Benchmark,No,Yes,No,No,No,None
PORT_0b67811b,Kellie Anderson,Real Assets,964.76,U.S.,0.45,0.39,0.03,0.44,Moderate,Above Benchmark,Yes,No,No,No,No,None
PORT_b5366e90,Jennifer Vargas,Real Assets,4690.58,Asia-Pacific,0.18,0.51,0.88,0.48,Low,Meeting Benchmark,Yes,Yes,No,Yes,No,None
PORT_8be86727,Kathleen Cameron,Balanced,8247.28,Asia-Pacific,0.92,0.53,0.85,0.73,Low,Meeting Benchmark,No,Yes,Yes,No,Yes,Style Drift
PORT_7bf63fae,Karen Wood,Fixed Income,9693.51,U.S.,0.37,0.97,0.76,0.1,Low,Meeting Benchmark,No,Yes,No,Yes,No,None
PORT_50ad6baf,Daisy Dominguez,Fixed Income,3135.21,Asia-Pacific,0.96,0.69,0.44,0.71,High,Above Benchmark,No,No,No,No,Yes,Style Drift
PORT_a134ccab,Nicole Calderon,Equity,9103.31,Asia-Pacific,0.44,0.49,0.43,0.55,Low,Below Benchmark,No,Yes,No,No,No,None
PORT_6066cb8d,Logan Brown,Hedge Fund,5471.04,Asia-Pacific,0.17,0.42,0.2,0.11,High,Below Benchmark,No,Yes,Yes,Yes,Yes,None
PORT_55b72771,Stanley Kent,Hedge Fund,7160.92,Asia-Pacific,0.11,0.8,0.87,0.63,Low,Meeting Benchmark,Yes,Yes,Yes,No,No,None
PORT_d1326273,Tamara Olson,Real Assets,4737.63,Asia-Pacific,0.32,0.13,0.32,0.5,High,Above Benchmark,No,No,No,No,No,None
PORT_1f1e22c8,John George,Balanced,4912.79,EU,0.9,0.72,0.51,0.49,Moderate,Below Benchmark,No,Yes,Yes,Yes,No,None
PORT_604a8a76,Melissa Dennis,Equity,2967.28,U.S.,0.68,0.66,0.41,0.94,High,Below Benchmark,Yes,Yes,No,Yes,Yes,None
PORT_eac68751,David Green,Balanced,4329.0,Asia-Pacific,0.32,0.58,0.16,0.04,Moderate,Below Benchmark,Yes,No,No,Yes,No,None
PORT_ad85c246,Cameron Ortiz,Real Assets,6109.44,U.S.,0.54,0.01,0.22,0.25,Low,Meeting Benchmark,Yes,Yes,No,Yes,No,None
PORT_8af3169d,Christopher Parrish,Hedge Fund,5301.56,EU,0.38,0.53,0.25,0.46,Low,Below Benchmark,No,Yes,Yes,No,No,None
PORT_63970ef0,Patrick Bryant,Fixed Income,678.11,EU,0.5,0.39,0.56,0.74,High,Meeting Benchmark,No,No,No,Yes,Yes,None
PORT_4a83d989,Tammy Martin,Fixed Income,8208.29,Global,0.33,0.42,0.19,0.95,Moderate,Above Benchmark,Yes,Yes,Yes,Yes,No,None
PORT_875dd293,Jennifer Dyer,Balanced,9423.55,U.S.,0.29,0.29,0.84,0.55,Moderate,Above Benchmark,No,No,Yes,No,Yes,None
PORT_389cbfbc,Luis Villarreal,Fixed Income,7273.72,U.S.,0.44,0.96,0.03,0.53,High,Meeting Benchmark,No,No,No,No,No,None
PORT_9f7a6853,Heidi Rogers,Real Assets,127.65,Asia-Pacific,0.24,0.98,0.05,0.27,Low,Below Benchmark,Yes,No,Yes,No,Yes,Diversification Breach
PORT_16135ff9,Elizabeth Rose,Balanced,1122.26,Global,0.7,0.34,0.73,0.6,Moderate,Above Benchmark,No,Yes,Yes,Yes,Yes,Style Drift
PORT_cec75afa,Francis Hill,Balanced,3031.92,EU,0.95,0.58,0.28,0.09,Low,Below Benchmark,Yes,No,Yes,No,No,None
PORT_a25d5308,Jane Gonzalez,Balanced,7873.54,EU,0.25,0.24,0.32,0.15,High,Above Benchmark,Yes,Yes,Yes,No,No,None
PORT_a24c2233,Linda Johnson,Hedge Fund,5518.5,Asia-Pacific,0.07,0.66,0.7,0.02,High,Above Benchmark,No,No,No,Yes,No,None
PORT_044a4927,Dr. Samantha Cervantes,Balanced,3784.23,EU,0.35,0.75,0.08,0.44,Low,Meeting Benchmark,No,Yes,No,No,No,None
PORT_50124e4a,Rebecca Fletcher,Hedge Fund,2882.11,Global,0.86,0.08,0.88,0.38,Low,Below Benchmark,Yes,No,Yes,No,No,None
PORT_122ab45f,Dr. Elizabeth Ayala MD,Fixed Income,2944.31,Global,0.35,0.43,0.21,0.23,Low,Above Benchmark,Yes,No,No,No,No,None
PORT_e7da1883,Sharon Gallagher,Real Assets,4405.87,Global,0.07,0.97,0.1,0.55,High,Above Benchmark,No,Yes,Yes,Yes,Yes,Conflict of Interest
PORT_2a3fb45b,Ian Alvarez,Equity,3346.73,U.S.,0.11,0.01,0.11,0.0,Moderate,Meeting Benchmark,Yes,Yes,No,No,No,None
PORT_9342c81b,Ms. Tracey Thomas,Equity,4670.25,Global,0.87,0.11,0.74,0.71,Moderate,Below Benchmark,Yes,Yes,No,Yes,Yes,Diversification Breach
PORT_66fc89be,Anthony Williams,Balanced,7387.62,Global,0.08,0.04,0.68,0.51,Low,Meeting Benchmark,No,Yes,No,Yes,No,None
PORT_5d65901b,Jennifer Miller,Equity,842.07,Asia-Pacific,0.56,0.49,0.29,0.48,High,Below Benchmark,Yes,No,No,Yes,No,None
PORT_1fbcd81a,Tracy Martin,Equity,6280.24,Global,0.12,0.49,0.4,0.35,Moderate,Above Benchmark,No,Yes,No,Yes,No,None
PORT_33f91224,Dalton King,Balanced,4951.04,Global,0.47,0.45,0.41,0.6,Low,Meeting Benchmark,Yes,Yes,No,Yes,No,None
PORT_18bc1ce6,Hunter Smith,Hedge Fund,75.11,U.S.,0.77,0.77,0.76,0.51,Moderate,Below Benchmark,Yes,Yes,No,No,No,None
PORT_c5e122ef,Marc Burns,Real Assets,2340.27,Global,0.07,0.75,0.03,0.52,High,Meeting Benchmark,Yes,No,No,Yes,Yes,Style Drift
PORT_73a96ea6,Jeremy Lewis,Balanced,972.42,Asia-Pacific,0.74,0.38,0.95,0.91,Low,Above Benchmark,No,Yes,Yes,No,No,None
PORT_fe8b7539,David Jones,Hedge Fund,4349.32,EU,0.62,0.64,0.72,0.34,Moderate,Below Benchmark,Yes,No,Yes,Yes,Yes,Style Drift
PORT_b7f926ca,Linda Hamilton,Balanced,5957.14,Asia-Pacific,0.85,0.42,0.65,0.81,High,Above Benchmark,No,No,Yes,No,No,None
PORT_714677af,Crystal Ortega,Balanced,4622.74,U.S.,0.93,0.28,0.14,0.28,Moderate,Below Benchmark,Yes,No,Yes,No,No,None
PORT_6b6fc766,Jonathan Baker,Fixed Income,466.18,EU,0.84,0.98,1.0,0.56,High,Below Benchmark,No,Yes,Yes,No,No,None
PORT_104c8b84,Valerie Campbell,Fixed Income,4700.3,EU,0.3,0.25,0.39,0.73,High,Below Benchmark,No,Yes,Yes,Yes,No,None
PORT_0e6de0ec,Casey Hale,Hedge Fund,2835.35,Asia-Pacific,0.38,0.71,0.39,0.34,Moderate,Above Benchmark,Yes,No,Yes,Yes,No,None
PORT_f58cbe65,Brianna Brown,Real Assets,6764.43,U.S.,0.99,0.88,0.03,0.59,Low,Below Benchmark,Yes,No,Yes,Yes,No,None
PORT_d12aa1b0,John Schneider,Fixed Income,9287.79,U.S.,0.38,0.38,0.57,0.12,High,Above Benchmark,Yes,No,Yes,Yes,No,None
PORT_c730bafd,Danielle Ruiz,Fixed Income,4425.9,EU,0.33,0.97,0.4,0.97,Moderate,Above Benchmark,No,Yes,No,Yes,No,None
PORT_52613092,Connor Carroll,Equity,4996.64,Asia-Pacific,0.07,0.25,0.24,0.29,Moderate,Below Benchmark,Yes,No,No,Yes,No,None
PORT_dd6ba174,Benjamin Harris,Hedge Fund,3703.76,Asia-Pacific,0.93,0.29,1.0,0.63,High,Above Benchmark,No,Yes,Yes,Yes,Yes,Diversification Breach
PORT_85d07f3f,Katelyn Carpenter,Real Assets,762.89,Asia-Pacific,0.2,0.05,0.3,0.99,Low,Above Benchmark,Yes,No,Yes,Yes,No,None
PORT_85f2b305,Kathleen Robinson,Balanced,9734.2,U.S.,0.56,0.34,0.78,0.38,High,Above Benchmark,Yes,Yes,Yes,Yes,Yes,Style Drift
PORT_fe546649,Patricia Cox,Hedge Fund,651.77,Asia-Pacific,0.8,0.14,0.12,0.03,Low,Below Benchmark,Yes,No,Yes,Yes,No,None
PORT_0c8e0340,Omar Castillo,Balanced,3892.29,Asia-Pacific,0.08,0.94,0.95,0.96,Moderate,Below Benchmark,No,Yes,Yes,Yes,No,None
PORT_607450bf,Michael May,Fixed Income,8643.18,EU,0.71,0.72,0.92,0.94,High,Meeting Benchmark,Yes,Yes,No,No,Yes,Conflict of Interest
PORT_d275fbbb,Jon Snow,Balanced,54.75,EU,0.5,0.43,0.43,0.93,High,Below Benchmark,No,Yes,Yes,Yes,No,None
PORT_9cb22918,Lawrence Roberts,Equity,6748.59,Asia-Pacific,0.59,0.49,0.02,0.29,High,Meeting Benchmark,Yes,Yes,Yes,Yes,No,None
PORT_1ff1f68c,Latoya Cook,Real Assets,3345.44,EU,0.18,0.12,0.15,0.17,Moderate,Meeting Benchmark,No,Yes,No,No,No,None
PORT_63b15d9b,Kevin Johnson,Hedge Fund,9656.19,Asia-Pacific,0.6,0.88,0.5,0.17,High,Below Benchmark,Yes,No,No,No,Yes,Style Drift
PORT_fe15d0fa,Michael Parker,Real Assets,5821.9,U.S.,0.18,0.22,0.97,0.71,Moderate,Meeting Benchmark,No,No,No,No,Yes,Diversification Breach
PORT_716d59a8,Ryan Thomas,Equity,3514.53,U.S.,0.83,0.27,0.2,0.0,High,Below Benchmark,Yes,Yes,Yes,Yes,No,None
PORT_0b7ffcf4,Amy Chan,Equity,4806.46,Global,0.62,0.7,0.79,0.43,High,Meeting Benchmark,Yes,Yes,Yes,No,No,None
PORT_7900e727,Morgan Chen,Fixed Income,3869.51,Global,0.86,0.09,0.73,0.05,Low,Below Benchmark,Yes,No,No,Yes,No,None
PORT_468580d9,Seth Meyers,Balanced,1518.9,Global,0.94,0.85,0.89,0.81,Moderate,Above Benchmark,Yes,Yes,Yes,No,No,None
PORT_1f16e14e,Jessica Thompson,Equity,4737.28,Asia-Pacific,0.46,0.09,0.69,0.13,High,Below Benchmark,Yes,Yes,Yes,No,No,None
PORT_dd789de2,Steven Johnson,Fixed Income,9718.48,Asia-Pacific,0.13,0.67,0.58,0.98,Low,Below Benchmark,No,No,Yes,No,No,None
PORT_6ed4bc16,Christopher Smith,Real Assets,3287.11,Global,0.88,0.5,0.16,0.2,High,Below Benchmark,Yes,No,No,No,No,None
PORT_e1360128,Autumn Edwards,Fixed Income,8799.67,Asia-Pacific,0.45,0.02,0.15,0.69,Moderate,Below Benchmark,No,No,Yes,No,No,None
PORT_21cb78db,William Davis,Hedge Fund,3310.49,Global,0.64,0.54,0.07,0.27,Low,Meeting Benchmark,No,Yes,No,Yes,Yes,Style Drift
PORT_93b3ec95,Larry Malone,Hedge Fund,280.11,U.S.,0.11,0.74,0.61,0.12,Moderate,Meeting Benchmark,No,No,No,No,No,None
PORT_0b740f5e,Lonnie Branch,Hedge Fund,4818.56,EU,0.22,0.19,0.73,0.99,Moderate,Below Benchmark,Yes,No,No,No,No,None
PORT_8637d47d,Bradley Wilson,Hedge Fund,174.28,U.S.,0.46,0.74,0.04,0.09,Low,Below Benchmark,No,Yes,Yes,No,No,None
PORT_0c0e8022,Darren Jones,Balanced,577.57,Global,0.39,0.01,0.14,0.41,Moderate,Below Benchmark,Yes,No,No,Yes,No,None
PORT_ed792ea9,Amanda Bennett,Fixed Income,9170.3,U.S.,0.6,0.49,0.03,0.85,Low,Above Benchmark,No,No,No,No,No,None
PORT_26604ee3,Samantha Hobbs,Hedge Fund,1014.9,Asia-Pacific,0.95,0.38,0.33,0.97,Moderate,Meeting Benchmark,No,Yes,Yes,Yes,Yes,Diversification Breach
PORT_019dde41,Jacob Wheeler,Fixed Income,8403.41,Global,0.89,0.97,0.43,0.67,High,Below Benchmark,Yes,No,No,Yes,Yes,Style Drift
PORT_5223c697,Patricia Lopez,Balanced,9435.73,EU,0.17,0.28,0.87,0.31,High,Meeting Benchmark,No,Yes,Yes,Yes,No,None
PORT_5114160b,Jasmine Edwards,Hedge Fund,2289.02,Asia-Pacific,0.1,0.19,0.6,0.41,Low,Meeting Benchmark,No,No,No,Yes,No,None
PORT_8e86bced,James Watson,Hedge Fund,9907.59,Asia-Pacific,0.88,0.39,0.28,0.78,Moderate,Above Benchmark,No,Yes,No,Yes,No,None
PORT_42882c19,Denise Green,Hedge Fund,5515.56,Asia-Pacific,0.81,0.3,0.85,0.47,Low,Below Benchmark,No,No,No,Yes,No,None
PORT_cf87df17,Katrina Martin,Fixed Income,1987.56,Asia-Pacific,0.34,0.34,0.79,0.59,High,Above Benchmark,Yes,Yes,Yes,No,Yes,Diversification Breach
PORT_60559107,James Williams,Fixed Income,1118.29,EU,0.91,0.2,0.91,0.84,Moderate,Below Benchmark,Yes,No,No,Yes,Yes,None
PORT_da8726a5,Carol Peterson,Balanced,5322.61,Global,0.85,0.1,0.85,0.42,High,Above Benchmark,Yes,Yes,No,No,No,None
PORT_a5ed3e9e,Gerald Crawford,Real Assets,6847.41,U.S.,0.48,0.75,0.19,0.8,Moderate,Below Benchmark,Yes,Yes,Yes,Yes,No,None
PORT_d6e8250c,Raymond Pitts,Equity,3514.72,Global,0.8,0.93,0.09,0.01,Low,Meeting Benchmark,No,Yes,Yes,Yes,No,None
PORT_bfdbdd7b,Robert Walton,Equity,2709.3,EU,0.41,0.9,0.1,0.87,High,Below Benchmark,No,No,Yes,Yes,Yes,Conflict of Interest
PORT_027bc298,Deborah Franco,Equity,7254.44,Asia-Pacific,0.25,0.66,0.31,0.51,Moderate,Meeting Benchmark,Yes,No,Yes,No,No,None
PORT_27e2aca2,Kenneth Perez,Hedge Fund,4313.15,EU,0.97,0.02,0.07,0.95,Moderate,Meeting Benchmark,Yes,Yes,Yes,Yes,No,None
PORT_85370886,Amber Wolf,Balanced,6027.6,Asia-Pacific,0.22,0.38,0.89,0.7,Moderate,Below Benchmark,No,Yes,No,No,No,None
PORT_26f86409,Crystal Fisher,Hedge Fund,9353.42,Global,0.75,0.32,0.84,0.57,High,Above Benchmark,No,Yes,Yes,Yes,No,None
PORT_d781b11c,Melissa Smith,Real Assets,5634.34,Asia-Pacific,0.79,0.37,0.05,0.59,High,Meeting Benchmark,Yes,No,No,No,No,None
PORT_4af95332,Kimberly Ball,Real Assets,7382.91,U.S.,0.63,0.41,0.67,0.25,Moderate,Below Benchmark,No,Yes,Yes,Yes,No,None
PORT_5826d1a3,Charles Sharp,Hedge Fund,2962.04,EU,0.28,0.53,0.87,0.67,Low,Above Benchmark,Yes,Yes,Yes,No,No,None
PORT_52fd9e10,Amber Murphy,Equity,7190.33,U.S.,0.46,0.87,0.25,0.09,High,Below Benchmark,No,No,No,Yes,No,None
PORT_7f1d3ee4,Michael Gutierrez,Equity,2562.28,U.S.,0.69,0.71,0.4,0.7,High,Below Benchmark,Yes,No,No,Yes,No,None
PORT_5c06206a,Jaime Crawford,Balanced,4168.55,Asia-Pacific,0.23,0.33,0.36,0.55,High,Above Benchmark,Yes,Yes,Yes,No,No,None
PORT_0c6feeaf,Diamond Mendez,Hedge Fund,589.42,Global,0.01,0.55,0.29,0.53,Low,Meeting Benchmark,No,No,Yes,Yes,No,None
PORT_8e9ae661,David Rodriguez,Balanced,126.09,Global,0.49,0.58,0.9,0.87,Moderate,Above Benchmark,Yes,No,Yes,Yes,Yes,None
PORT_8b8b8bdf,Dr. Joseph Navarro,Equity,5868.11,EU,0.17,0.21,0.34,0.38,Moderate,Below Benchmark,Yes,Yes,No,Yes,No,None
PORT_7c43028b,Matthew Hart,Equity,3636.62,Asia-Pacific,0.79,0.26,0.35,0.78,Moderate,Above Benchmark,No,No,Yes,No,Yes,Style Drift
PORT_2494fd43,Steven Wells,Hedge Fund,3750.79,Asia-Pacific,0.57,0.37,0.77,0.92,Moderate,Below Benchmark,No,Yes,Yes,Yes,No,None
PORT_e0218482,Alexis Brewer,Fixed Income,1663.83,EU,0.21,0.52,0.49,0.1,Low,Above Benchmark,No,Yes,No,No,Yes,Diversification Breach
PORT_ac384d1f,Valerie Becker,Equity,3730.11,U.S.,0.14,0.37,0.27,0.85,High,Above Benchmark,No,No,No,Yes,No,None
PORT_258f595f,Kevin Chavez,Hedge Fund,496.94,EU,0.09,0.08,0.53,0.09,Moderate,Meeting Benchmark,Yes,Yes,Yes,Yes,Yes,None
PORT_86ab8b58,Jeremy Barrett,Hedge Fund,8946.01,EU,0.08,0.81,0.77,0.95,High,Above Benchmark,No,Yes,Yes,Yes,Yes,Conflict of Interest
PORT_f0370b99,Michael Irwin,Fixed Income,6302.92,EU,1.0,0.61,0.0,0.29,Low,Above Benchmark,No,No,No,Yes,No,None
PORT_701e6045,Erika Dawson,Fixed Income,4842.41,U.S.,0.17,0.96,0.04,0.56,Low,Meeting Benchmark,Yes,No,No,No,No,None
PORT_91c9673e,Zachary Frazier,Equity,1690.94,U.S.,0.49,0.68,0.36,0.74,High,Meeting Benchmark,Yes,No,Yes,No,No,None
PORT_b3bf97b0,Tyler Nelson,Real Assets,8591.69,EU,0.63,0.94,0.35,0.79,High,Meeting Benchmark,Yes,Yes,No,Yes,Yes,Style Drift
PORT_35926c8e,Sydney Carey,Balanced,5034.83,Asia-Pacific,0.39,0.77,0.92,0.52,High,Below Benchmark,Yes,No,Yes,Yes,No,None
PORT_e7aaa167,Troy Brown,Hedge Fund,5844.09,EU,0.05,0.94,0.31,0.72,High,Above Benchmark,Yes,Yes,No,Yes,No,None
PORT_f70f041b,David Smith,Fixed Income,8688.87,Asia-Pacific,0.24,0.27,0.3,0.17,High,Below Benchmark,Yes,Yes,No,Yes,Yes,None
PORT_e9fe0729,Brandon Thompson,Real Assets,3313.93,EU,0.33,0.45,0.99,0.26,Moderate,Below Benchmark,No,Yes,No,Yes,No,None
PORT_332e74d9,Nancy Bass,Fixed Income,3243.46,U.S.,0.22,0.28,0.88,0.63,Moderate,Below Benchmark,No,No,Yes,No,Yes,Diversification Breach
PORT_1b693bca,Leonard Arias,Balanced,219.5,Global,0.48,0.62,0.53,0.32,Moderate,Above Benchmark,Yes,No,No,No,No,None
PORT_105fe8eb,Frank Ryan,Real Assets,4233.74,Global,0.93,0.69,0.39,0.92,Moderate,Above Benchmark,No,Yes,No,Yes,Yes,None
PORT_c5dc6eb1,Rhonda Valdez,Hedge Fund,1117.51,Global,0.52,0.94,0.45,0.49,Moderate,Below Benchmark,No,Yes,No,No,No,None
PORT_073216d0,Ronald Delacruz,Equity,3777.93,EU,0.1,0.44,0.35,0.61,High,Above Benchmark,No,No,No,Yes,No,None
PORT_ecb1d7f7,Shannon Clayton,Balanced,5580.16,Asia-Pacific,0.88,0.09,0.68,0.33,Moderate,Meeting Benchmark,Yes,Yes,No,Yes,No,None
PORT_90e4bafc,Ryan Kelly,Hedge Fund,4230.2,U.S.,0.02,0.44,0.26,0.52,Moderate,Above Benchmark,No,No,Yes,Yes,No,None
PORT_78d02872,Rebecca Mata,Balanced,9335.88,U.S.,0.87,0.7,0.72,0.94,High,Meeting Benchmark,No,No,No,No,No,None
PORT_07dd61f4,Kelly Gilbert,Real Assets,7793.81,EU,0.42,0.56,0.06,0.77,Moderate,Below Benchmark,No,Yes,Yes,Yes,Yes,Conflict of Interest
PORT_921a9967,Randall Summers,Hedge Fund,3798.31,EU,0.11,0.91,0.23,0.81,Moderate,Above Benchmark,Yes,Yes,No,Yes,No,None
PORT_1f87562f,Keith Rogers,Balanced,154.34,Asia-Pacific,0.36,0.56,0.99,0.17,High,Above Benchmark,Yes,Yes,No,No,Yes,None
PORT_736fffad,Rebecca Patterson DVM,Real Assets,4868.2,EU,0.75,0.98,0.25,0.89,Moderate,Below Benchmark,Yes,Yes,No,Yes,Yes,Style Drift
PORT_b8fd8210,Adam Becker MD,Fixed Income,4706.01,EU,0.64,0.6,0.35,0.57,Low,Meeting Benchmark,Yes,Yes,No,Yes,No,None
PORT_f37316b4,Courtney Campos,Real Assets,9425.93,EU,0.47,0.23,0.5,0.86,Moderate,Meeting Benchmark,No,Yes,No,Yes,No,None
PORT_d16f1d7a,Richard White,Real Assets,6894.8,Asia-Pacific,0.78,0.53,0.73,0.28,Low,Meeting Benchmark,Yes,Yes,Yes,No,No,None
PORT_beea5dc5,Renee Walsh,Equity,4807.14,EU,0.31,0.41,0.58,0.8,Low,Meeting Benchmark,No,No,Yes,Yes,Yes,Diversification Breach
PORT_f3918b9a,Rachel Green,Fixed Income,6313.15,Global,0.91,0.26,0.84,0.3,Low,Below Benchmark,Yes,No,No,Yes,No,None
PORT_55290bc2,Mrs. Nancy Davis,Equity,2301.65,U.S.,0.68,0.3,0.87,0.18,Low,Below Benchmark,Yes,Yes,Yes,No,Yes,Style Drift
PORT_e1d50213,Christine Khan,Balanced,87.25,Global,0.38,0.4,0.35,0.33,Moderate,Meeting Benchmark,Yes,Yes,No,Yes,No,None
PORT_acc079ac,Mark Maxwell,Hedge Fund,9326.07,Global,0.25,0.04,0.22,0.7,Low,Above Benchmark,No,No,Yes,No,Yes,None
PORT_8c52c079,Jessica Lopez,Balanced,4989.7,U.S.,0.89,0.02,0.26,0.2,Moderate,Below Benchmark,No,No,Yes,No,Yes,Style Drift
PORT_e87c0702,Chad Walker,Hedge Fund,9214.27,Asia-Pacific,0.93,0.24,0.82,0.41,Moderate,Above Benchmark,Yes,No,Yes,Yes,No,None
PORT_c67ae269,Brooke Robertson,Hedge Fund,8422.29,Asia-Pacific,0.7,0.65,0.45,0.77,Moderate,Meeting Benchmark,No,Yes,Yes,No,No,None
PORT_fafbae42,Beverly Perez,Balanced,5378.45,Global,0.5,0.14,0.02,0.18,Moderate,Above Benchmark,No,No,No,No,No,None
PORT_5e1e28f9,Cynthia Oliver,Equity,3848.23,Asia-Pacific,0.03,0.21,0.93,0.92,Low,Above Benchmark,Yes,No,Yes,Yes,No,None
PORT_cfa9be6b,Sherry Everett,Balanced,9078.9,Asia-Pacific,0.37,0.68,0.48,0.34,Low,Meeting Benchmark,Yes,Yes,Yes,Yes,No,None
PORT_e5fba88a,Amber Robinson,Real Assets,9298.25,Asia-Pacific,0.22,0.12,0.48,0.89,High,Above Benchmark,Yes,Yes,No,No,Yes,Style Drift
PORT_1e49af0d,William Simon,Real Assets,1780.41,Asia-Pacific,0.45,0.18,0.62,0.98,High,Meeting Benchmark,No,Yes,No,No,No,None
PORT_688a1173,Wendy Sherman,Equity,8570.73,Asia-Pacific,0.64,0.24,0.53,0.26,Low,Above Benchmark,No,Yes,No,No,No,None
PORT_ed67b214,Christopher Walker,Balanced,9705.98,Asia-Pacific,0.78,0.0,0.01,0.9,Low,Below Benchmark,No,No,No,No,No,None
PORT_1b703229,John Stephens,Balanced,1744.0,U.S.,0.94,0.38,0.17,0.96,Low,Above Benchmark,Yes,Yes,Yes,Yes,No,None
PORT_b3982baa,John Wood,Balanced,8257.74,Global,0.8,0.62,0.91,0.18,Moderate,Meeting Benchmark,Yes,No,Yes,No,No,None
PORT_9908690f,Ashley Yates,Real Assets,7372.93,EU,0.72,0.77,0.88,0.17,High,Meeting Benchmark,No,Yes,No,Yes,No,None
PORT_6dc36a4c,Michael Bond,Equity,3125.52,Asia-Pacific,0.48,0.91,0.94,0.55,Low,Above Benchmark,No,No,Yes,No,No,None
PORT_d69b25ef,Shannon Smith,Real Assets,705.75,Asia-Pacific,0.13,0.1,0.98,0.26,Moderate,Below Benchmark,Yes,No,Yes,Yes,No,None
PORT_973772fa,Nicole Eaton,Real Assets,5709.94,EU,0.3,0.58,0.76,0.06,Low,Below Benchmark,No,Yes,No,No,No,None
PORT_036b20df,Christopher Gordon,Fixed Income,1437.99,Asia-Pacific,0.05,0.5,0.98,0.75,Low,Above Benchmark,Yes,Yes,No,No,Yes,Diversification Breach
PORT_e635cc92,Jennifer Fletcher,Hedge Fund,2626.76,Global,0.97,0.81,0.64,0.49,Low,Above Benchmark,No,Yes,Yes,No,Yes,Conflict of Interest
PORT_7e141106,Bryan Rogers,Fixed Income,5305.75,Asia-Pacific,0.09,0.77,0.09,0.36,High,Below Benchmark,Yes,Yes,No,No,No,None
PORT_904525f5,Steven Flores,Equity,3940.22,EU,0.42,0.63,0.9,0.73,Low,Below Benchmark,Yes,No,Yes,No,No,None
PORT_0a12dac8,Bonnie Raymond,Fixed Income,1653.6,EU,0.78,0.09,0.73,0.29,Moderate,Below Benchmark,No,No,No,Yes,No,None
PORT_c7b664c7,Meagan Osborne,Fixed Income,2247.33,Asia-Pacific,0.57,0.9,0.21,0.25,Moderate,Above Benchmark,Yes,Yes,Yes,No,No,None
PORT_7d394227,Nancy Jordan,Balanced,4131.56,U.S.,0.18,0.33,0.98,0.6,Low,Below Benchmark,Yes,Yes,Yes,Yes,No,None
PORT_0d3a1326,Jeremy Le,Real Assets,5347.66,Global,0.32,0.25,0.39,0.55,Moderate,Meeting Benchmark,Yes,Yes,No,Yes,No,None
PORT_20a55adb,Karen Roman,Balanced,5705.9,Asia-Pacific,0.04,0.14,0.28,0.53,High,Above Benchmark,No,Yes,No,No,No,None
PORT_5438be69,John Cole,Equity,8516.86,U.S.,0.75,0.81,0.65,0.2,Moderate,Above Benchmark,No,Yes,Yes,No,No,None
PORT_ac17888b,Becky Powell,Hedge Fund,3577.13,EU,0.6,0.23,0.14,0.91,Moderate,Below Benchmark,No,No,No,Yes,No,None
PORT_0be8b742,Mikayla Jones,Fixed Income,4828.55,Asia-Pacific,0.35,0.02,0.57,0.04,High,Below Benchmark,Yes,Yes,No,No,No,None
PORT_8650a389,Brittany Garza,Balanced,4240.0,U.S.,0.79,0.84,0.66,0.09,Low,Below Benchmark,No,No,Yes,Yes,Yes,Diversification Breach
PORT_ae3b12a3,Justin Meyer,Real Assets,3223.65,Asia-Pacific,0.24,0.16,0.55,0.04,High,Above Benchmark,Yes,No,Yes,No,No,None
PORT_794039ac,Christine Walker,Hedge Fund,1027.86,Asia-Pacific,0.59,0.49,0.27,0.64,Moderate,Above Benchmark,No,Yes,No,Yes,Yes,Style Drift
PORT_b8691a06,Cynthia Hicks MD,Hedge Fund,4013.19,EU,0.52,0.11,0.29,0.48,Moderate,Below Benchmark,Yes,No,No,Yes,No,None
PORT_6fe5fd65,Brenda Thompson,Fixed Income,951.33,EU,0.96,0.72,0.94,0.67,High,Above Benchmark,Yes,Yes,Yes,No,No,None
PORT_21dfbbb1,Christian Jones,Real Assets,6968.36,EU,0.02,0.58,0.47,0.08,High,Above Benchmark,Yes,No,Yes,Yes,No,None
PORT_638db0ab,Timothy Shaw,Hedge Fund,2489.35,Global,0.25,0.24,0.46,0.76,High,Meeting Benchmark,No,No,Yes,No,Yes,None
PORT_ed4440d1,Luis Lee,Balanced,250.9,EU,0.79,0.18,0.99,0.55,Moderate,Meeting Benchmark,No,Yes,Yes,Yes,Yes,Diversification Breach
PORT_9936435a,Michelle Rangel,Real Assets,1916.43,U.S.,0.69,0.69,0.86,0.67,Moderate,Below Benchmark,Yes,No,No,No,Yes,Conflict of Interest
PORT_cc42a1b1,Allen Watson,Fixed Income,3083.92,Global,0.56,0.21,0.34,0.95,Low,Above Benchmark,No,No,No,Yes,No,None
PORT_cb240107,Nicholas Taylor,Fixed Income,7096.24,EU,0.13,0.2,0.01,0.28,Moderate,Below Benchmark,No,Yes,Yes,No,No,None
PORT_418a412a,Nancy White,Equity,2172.59,U.S.,0.63,0.56,0.98,0.56,High,Meeting Benchmark,No,Yes,No,No,Yes,Style Drift
PORT_554ca09a,Ethan Pugh,Equity,6612.76,Global,0.7,0.36,0.9,0.73,Low,Above Benchmark,Yes,No,Yes,Yes,No,None
PORT_be95c0ab,Jeremy Dorsey,Hedge Fund,3197.12,EU,0.94,0.49,0.87,0.21,Moderate,Below Benchmark,No,Yes,Yes,Yes,No,None
PORT_0ea38ac9,Pamela Brooks,Fixed Income,8664.0,Asia-Pacific,0.81,0.24,0.96,0.95,Low,Meeting Benchmark,Yes,No,Yes,Yes,No,None
PORT_d42cddf9,Alexandra Holmes,Real Assets,81.03,Asia-Pacific,0.49,0.91,0.81,0.58,Low,Above Benchmark,No,Yes,No,No,Yes,Conflict of Interest
PORT_96dd1920,Teresa Carey,Fixed Income,7197.94,U.S.,0.47,0.39,0.96,0.46,Low,Above Benchmark,No,No,Yes,Yes,No,None
PORT_4f657cc7,Robert Thomas,Equity,1465.6,Asia-Pacific,0.06,0.9,0.6,0.34,Moderate,Above Benchmark,Yes,Yes,No,No,No,None
PORT_a7272888,Ryan Brown,Equity,3347.42,Asia-Pacific,0.9,0.47,0.89,0.95,High,Meeting Benchmark,Yes,No,No,No,No,None
PORT_0807f4b8,Emily Little,Fixed Income,9153.42,Global,0.61,0.49,0.77,0.89,Low,Meeting Benchmark,No,No,No,No,No,None
PORT_98279f0e,Ricky Kelley,Hedge Fund,8674.43,U.S.,0.94,0.32,0.31,0.76,Low,Meeting Benchmark,No,Yes,Yes,Yes,No,None
PORT_b48e8352,Andrew Hudson,Fixed Income,8449.96,EU,0.78,0.46,0.09,0.03,High,Below Benchmark,No,Yes,No,No,Yes,Style Drift
PORT_5e7de7f3,Sandy Rodriguez,Real Assets,5886.53,Global,0.58,0.8,0.8,0.85,Moderate,Meeting Benchmark,No,No,Yes,Yes,No,None
PORT_66cba8db,William Miller,Balanced,3854.01,Global,0.9,0.65,0.39,0.86,High,Above Benchmark,No,No,Yes,Yes,Yes,None
PORT_9308357d,Kelly Thomas,Hedge Fund,4326.91,Asia-Pacific,0.94,0.5,0.49,0.03,Moderate,Above Benchmark,No,No,No,Yes,Yes,Diversification Breach
PORT_e5bab4e1,Amber Robinson,Equity,9842.17,Global,0.39,0.57,0.6,0.09,High,Above Benchmark,No,Yes,No,No,Yes,None
PORT_cdb1f66e,Lauren Skinner,Real Assets,1850.99,Asia-Pacific,0.59,0.11,0.46,0.76,Low,Below Benchmark,Yes,Yes,No,Yes,No,None
PORT_c22fdb09,Michael Cherry,Equity,2392.92,U.S.,0.96,0.78,0.17,0.7,Low,Meeting Benchmark,Yes,No,No,No,No,None
PORT_a528e824,Arthur Taylor Jr.,Fixed Income,8008.12,Asia-Pacific,0.27,0.7,0.49,0.42,High,Above Benchmark,Yes,Yes,Yes,Yes,No,None
PORT_49750c96,Brittney Leonard,Equity,2325.93,U.S.,0.65,0.74,0.04,0.08,Low,Above Benchmark,No,Yes,No,Yes,No,None
PORT_b3c2ffd7,Brandon Zhang,Equity,362.5,Global,0.52,0.48,0.84,0.3,High,Below Benchmark,No,No,No,No,No,None
PORT_4ec6b740,Sherri Ramirez,Real Assets,8061.93,Global,0.05,0.35,0.48,0.88,Moderate,Meeting Benchmark,No,Yes,Yes,Yes,No,None
PORT_bd70dd5e,Philip Zamora,Balanced,9820.67,Global,0.52,0.01,0.65,0.18,Low,Below Benchmark,Yes,No,No,No,No,None
PORT_0fa3a258,Cody Kennedy,Hedge Fund,2431.95,Global,0.69,0.81,0.2,0.49,Low,Meeting Benchmark,No,Yes,Yes,No,No,None
PORT_c5ded72b,Sara Davis,Balanced,645.16,U.S.,0.83,0.91,0.52,0.41,Low,Below Benchmark,No,Yes,Yes,Yes,No,None
PORT_289ed76f,Jason Cruz,Hedge Fund,4323.65,Global,0.93,0.43,0.36,0.21,High,Below Benchmark,No,Yes,Yes,Yes,No,None
PORT_e307e5af,Kyle Fischer,Hedge Fund,9440.27,Asia-Pacific,0.17,0.77,0.49,0.2,Low,Above Benchmark,Yes,No,Yes,Yes,No,None
PORT_a8125d22,James Black,Equity,5203.46,Global,0.37,0.77,0.6,0.92,Moderate,Meeting Benchmark,Yes,Yes,No,No,No,None
PORT_d9414caf,Christina Brown,Balanced,8754.94,Global,0.58,0.44,0.37,0.45,High,Above Benchmark,No,Yes,No,No,No,None
PORT_6825e706,Emma Williams,Balanced,6979.85,Global,0.58,0.93,0.28,0.79,Moderate,Meeting Benchmark,Yes,No,Yes,Yes,Yes,Conflict of Interest
PORT_d00ce783,Karen Jenkins,Fixed Income,6214.92,EU,0.92,0.54,0.71,0.92,High,Below Benchmark,Yes,Yes,Yes,Yes,No,None
PORT_4b7ffc73,James Warren,Balanced,7132.45,EU,0.59,0.39,0.77,0.13,High,Meeting Benchmark,Yes,No,No,Yes,No,None
PORT_a4a6bc74,Larry Knox,Balanced,7879.57,Asia-Pacific,0.43,0.5,0.28,0.71,High,Meeting Benchmark,No,No,Yes,No,No,None
PORT_2a4fc5e4,Carol Duncan,Fixed Income,1486.07,Global,0.38,0.3,0.2,0.4,High,Meeting Benchmark,Yes,Yes,Yes,Yes,No,None
PORT_a2ec42f9,Sarah Johnson,Fixed Income,9868.46,U.S.,0.68,0.7,0.07,0.91,High,Below Benchmark,Yes,Yes,No,No,No,None
PORT_431c893f,Elizabeth Ross,Real Assets,8553.19,U.S.,0.38,0.36,0.07,0.87,High,Meeting Benchmark,Yes,Yes,No,Yes,No,None
PORT_cb8a704a,Adam Young,Real Assets,5790.24,U.S.,0.27,0.01,0.11,0.39,Low,Meeting Benchmark,No,Yes,No,No,No,None
PORT_9062a359,Kathryn Yang,Equity,9467.29,Global,0.96,0.34,0.06,0.28,Low,Below Benchmark,No,Yes,Yes,No,Yes,None
PORT_d901b6ba,Riley Daniels,Real Assets,9621.05,Asia-Pacific,0.69,0.75,0.35,0.76,Moderate,Below Benchmark,Yes,Yes,Yes,Yes,Yes,Conflict of Interest
PORT_c446679b,Tammy Nelson,Real Assets,9070.59,Global,0.38,0.49,0.34,0.31,Low,Below Benchmark,Yes,No,Yes,Yes,No,None
PORT_4fad695b,Stephanie Williams,Hedge Fund,6901.29,EU,0.78,0.14,0.91,0.3,High,Below Benchmark,Yes,No,No,Yes,No,None
PORT_bac80036,Michelle Mckay,Balanced,3803.99,Asia-Pacific,0.46,0.13,0.94,0.67,High,Meeting Benchmark,No,Yes,No,No,Yes,Style Drift
PORT_ad3be34b,Michael Johnson,Fixed Income,7469.15,Global,0.78,0.34,0.92,0.2,Low,Below Benchmark,Yes,No,No,Yes,No,None
PORT_85f22d75,Charles Spears,Real Assets,2281.99,Global,0.03,0.15,0.66,0.58,Low,Below Benchmark,No,Yes,Yes,Yes,Yes,Style Drift
PORT_2363f171,Gina Martinez,Balanced,831.49,Asia-Pacific,0.98,0.11,0.26,0.39,Low,Meeting Benchmark,No,Yes,No,No,No,None
PORT_5c7f6aee,Stanley Hill,Balanced,2575.99,U.S.,0.3,0.55,0.54,0.24,Low,Meeting Benchmark,Yes,No,Yes,Yes,No,None
PORT_3f378844,Eric Collins,Equity,8451.25,Global,0.39,0.11,0.33,0.58,High,Below Benchmark,Yes,Yes,Yes,Yes,No,None
PORT_1cc02c59,Angela Smith,Fixed Income,917.17,Asia-Pacific,0.24,0.98,0.91,0.15,High,Meeting Benchmark,Yes,No,No,Yes,No,None
PORT_b1aa0a4e,Kelly Mcdaniel,Equity,5137.89,EU,0.65,0.28,0.78,0.52,High,Below Benchmark,Yes,No,Yes,Yes,No,None
PORT_0e73b925,Ashley Terrell,Equity,927.28,EU,0.41,0.7,0.67,0.99,Low,Above Benchmark,No,Yes,Yes,No,No,None
PORT_55091c95,Brandon Morales,Balanced,942.2,EU,0.33,0.04,0.63,0.14,Low,Above Benchmark,Yes,Yes,Yes,No,No,None
PORT_f86d56a7,James Wilson,Real Assets,5645.46,EU,0.34,0.73,0.32,0.29,Moderate,Above Benchmark,No,Yes,No,Yes,No,None
PORT_df0c13ad,Jeffrey Gonzalez,Balanced,4620.47,EU,0.63,0.27,0.16,0.2,Moderate,Meeting Benchmark,Yes,No,No,No,No,None
PORT_16bc6c45,Christina Pitts,Fixed Income,9879.84,Global,0.46,0.56,0.43,0.8,Low,Meeting Benchmark,No,Yes,No,No,No,None
PORT_c0429a1f,Larry Huerta,Equity,8106.4,Global,0.38,0.72,0.23,0.64,Moderate,Below Benchmark,No,No,No,No,No,None
PORT_8f112481,Taylor Horton,Balanced,744.59,Global,0.93,0.25,1.0,0.06,Low,Meeting Benchmark,No,No,No,No,Yes,None
PORT_83ddd6c1,Rhonda Miller,Fixed Income,5263.51,EU,0.16,0.02,0.56,0.99,High,Meeting Benchmark,No,No,Yes,No,No,None
PORT_394296c1,Tonya Johnson,Equity,7397.95,Global,0.25,0.18,0.16,0.6,Moderate,Below Benchmark,No,Yes,Yes,Yes,No,None
PORT_bf3e07f0,Shane Caldwell,Fixed Income,6049.01,U.S.,0.27,0.51,0.23,0.34,High,Above Benchmark,No,No,Yes,Yes,No,None
PORT_e53ead91,Terry Daniels,Hedge Fund,7581.25,Global,0.11,0.94,0.38,0.37,High,Above Benchmark,No,No,Yes,Yes,No,None
PORT_d1e19605,Susan Phillips,Equity,8467.61,U.S.,0.32,0.26,0.05,0.23,Low,Below Benchmark,Yes,Yes,Yes,No,No,None
PORT_f25a7a2f,Candace Blackburn,Fixed Income,6214.71,Global,0.85,0.94,0.88,0.82,Low,Above Benchmark,No,Yes,Yes,No,No,None
PORT_f45b4260,Heidi Salas,Real Assets,7395.79,Global,0.7,0.53,0.09,0.76,Moderate,Above Benchmark,No,Yes,No,Yes,No,None
PORT_550d47fb,Diana Johnson,Equity,3585.22,EU,0.12,0.81,0.41,0.57,Moderate,Meeting Benchmark,No,No,Yes,Yes,Yes,Conflict of Interest
PORT_5dbcf7b7,Melinda Jones,Hedge Fund,3832.34,EU,0.17,0.87,0.72,0.12,Low,Meeting Benchmark,Yes,No,Yes,Yes,No,None
PORT_cf81f10c,Lauren King,Balanced,7786.83,Global,0.54,0.33,0.77,0.42,Low,Meeting Benchmark,Yes,Yes,Yes,No,No,None
PORT_f63a8fdf,Jasmine Park,Balanced,339.74,Asia-Pacific,0.72,0.84,0.32,0.77,High,Meeting Benchmark,Yes,Yes,Yes,No,No,None
PORT_d6fa6793,Matthew Hamilton,Fixed Income,7311.75,U.S.,0.28,0.57,0.34,0.37,Moderate,Meeting Benchmark,No,Yes,Yes,No,No,None
PORT_dea5ca14,Clinton James,Real Assets,6104.83,Global,0.71,0.9,0.63,0.56,High,Meeting Benchmark,No,Yes,No,No,No,None
PORT_5c437249,Alexander Smith,Equity,4020.47,EU,0.49,0.26,0.82,0.46,Moderate,Below Benchmark,Yes,Yes,Yes,Yes,No,None
PORT_2c9b2185,Bryan Adams,Real Assets,1762.01,Asia-Pacific,0.46,0.85,0.12,0.28,High,Meeting Benchmark,No,No,No,No,Yes,Diversification Breach
PORT_affa60d5,Alicia Wells,Real Assets,2263.45,Asia-Pacific,0.72,0.03,0.26,0.08,High,Above Benchmark,No,No,No,Yes,No,None
PORT_8a02f996,Tara Kramer,Equity,6940.73,Global,0.23,0.92,0.39,0.92,Low,Below Benchmark,No,No,Yes,No,Yes,Conflict of Interest
PORT_0afe95b6,Matthew Lee,Hedge Fund,98.91,U.S.,0.97,0.44,0.88,0.87,Low,Below Benchmark,No,No,No,Yes,No,None
PORT_c0e897a2,Jeffery Houston,Real Assets,9491.79,Global,0.76,0.23,0.53,0.72,Moderate,Meeting Benchmark,No,No,No,Yes,Yes,Conflict of Interest
PORT_2cb5d80c,Erika Young,Balanced,2207.38,EU,0.49,0.13,0.05,0.18,Moderate,Above Benchmark,No,No,Yes,No,No,None
PORT_ecb98550,Richard Long,Balanced,5482.18,Global,0.77,0.37,0.8,0.42,Moderate,Above Benchmark,Yes,Yes,No,No,No,None
PORT_5fd1516a,Sarah Williams,Balanced,7627.94,Asia-Pacific,0.78,0.01,0.65,0.05,High,Above Benchmark,Yes,Yes,No,No,No,None
PORT_a03dd426,Nicholas Bradley,Hedge Fund,7594.82,Asia-Pacific,0.86,0.37,0.35,0.34,Moderate,Meeting Benchmark,No,No,No,No,No,None
PORT_55eaeb8e,Michael Ross,Hedge Fund,300.67,EU,0.2,0.71,0.36,0.43,Low,Meeting Benchmark,Yes,No,No,Yes,No,None
PORT_037dfc77,Christopher Dyer,Fixed Income,8154.14,U.S.,0.8,0.15,0.67,0.31,Low,Meeting Benchmark,Yes,Yes,No,No,No,None
PORT_6dd2cf85,Brian Newton,Fixed Income,512.53,Global,0.3,0.4,0.31,0.03,Moderate,Above Benchmark,Yes,No,No,No,Yes,Style Drift
PORT_b5f66ae3,Alisha Wilson,Balanced,9837.7,U.S.,0.75,0.6,0.67,0.35,Moderate,Meeting Benchmark,Yes,No,No,Yes,No,None
PORT_3ad2e98c,David Morales,Real Assets,4476.91,Asia-Pacific,0.55,0.51,0.98,0.07,Low,Meeting Benchmark,No,Yes,No,No,No,None
PORT_15c270aa,Wesley Espinoza,Equity,4134.11,EU,0.72,0.35,0.56,0.29,Moderate,Below Benchmark,No,Yes,Yes,Yes,No,None
PORT_8bf6fb1b,Mercedes Rowe,Real Assets,7797.07,U.S.,0.92,0.87,0.64,0.07,High,Below Benchmark,No,No,Yes,Yes,No,None
PORT_cffd7f18,Mercedes Fisher,Equity,6894.45,EU,0.68,0.7,0.59,0.07,High,Below Benchmark,Yes,No,Yes,No,Yes,Diversification Breach
PORT_a555ac55,Matthew Hensley,Balanced,4942.05,Asia-Pacific,0.04,0.9,0.43,0.43,High,Below Benchmark,Yes,Yes,No,Yes,Yes,None
PORT_b1444b71,Aimee Price,Equity,7098.71,Global,0.17,0.32,0.68,0.92,Moderate,Below Benchmark,Yes,No,No,No,No,None
PORT_cc01a8db,Debra Flynn,Balanced,2024.79,EU,0.42,0.1,0.12,0.71,Moderate,Below Benchmark,No,Yes,Yes,No,No,None
PORT_6bbaecd3,Melissa Vargas,Balanced,4720.87,Global,0.22,0.19,0.58,0.82,High,Below Benchmark,Yes,Yes,Yes,No,No,None
PORT_2662f193,Mrs. Amanda Harris,Real Assets,3493.32,Asia-Pacific,0.79,0.62,0.23,1.0,High,Meeting Benchmark,No,No,Yes,No,No,None
PORT_aa5e6746,Margaret Baxter,Hedge Fund,8279.8,Asia-Pacific,0.77,0.4,0.9,0.81,Low,Above Benchmark,Yes,No,No,Yes,No,None
PORT_d96aa913,Connor Tucker,Balanced,3621.91,Global,0.61,0.68,0.04,0.4,Moderate,Meeting Benchmark,No,Yes,No,Yes,Yes,None
PORT_d263b3bd,Anna Kidd,Equity,1930.13,U.S.,0.28,0.79,0.32,0.1,Moderate,Above Benchmark,Yes,No,No,No,No,None
PORT_c39a1b2d,Jennifer Ferrell,Hedge Fund,3807.76,EU,0.37,0.49,0.91,0.08,Low,Below Benchmark,Yes,No,Yes,No,No,None
PORT_2b3b43ab,Rebecca Burns,Balanced,6273.3,Global,0.64,0.84,0.12,0.7,High,Above Benchmark,No,No,No,No,Yes,Style Drift
PORT_cf5a5a39,Andrew Wright,Fixed Income,5157.47,EU,0.81,0.15,0.91,0.01,Low,Meeting Benchmark,No,No,Yes,No,No,None
PORT_5931c666,Mary Lopez,Fixed Income,2120.12,Asia-Pacific,0.95,0.68,0.19,0.91,High,Meeting Benchmark,No,Yes,No,No,No,None
PORT_971143ef,Jennifer Cunningham,Real Assets,1386.02,Asia-Pacific,0.41,0.95,0.02,0.7,Moderate,Above Benchmark,No,No,No,Yes,No,None
PORT_701ce8c1,Brandon George,Fixed Income,6430.82,EU,0.29,0.45,0.11,0.98,Low,Below Benchmark,Yes,No,No,Yes,Yes,Conflict of Interest
PORT_ad773aae,Derek Snyder,Equity,7965.18,Global,0.38,0.99,0.73,0.8,Low,Below Benchmark,Yes,Yes,Yes,No,No,None
PORT_1516685a,Jonathan Schultz,Real Assets,7964.77,U.S.,0.12,0.49,0.18,0.97,High,Meeting Benchmark,Yes,Yes,No,No,No,None
PORT_5b480706,John Flores,Fixed Income,8111.03,Asia-Pacific,0.95,0.42,0.88,0.44,Low,Meeting Benchmark,Yes,Yes,Yes,No,No,None
PORT_d9242957,Adrian Keith,Fixed Income,4251.0,Global,0.95,0.17,0.46,0.72,High,Meeting Benchmark,Yes,No,No,Yes,No,None
PORT_15fff8d8,Scott Mitchell,Balanced,5218.23,Asia-Pacific,0.06,0.24,0.75,0.73,Low,Above Benchmark,Yes,Yes,No,No,No,None
PORT_254ef113,William Shea,Real Assets,9334.09,EU,0.16,0.48,0.57,0.41,Low,Meeting Benchmark,Yes,No,No,Yes,Yes,Diversification Breach
PORT_1cb3aab3,Austin Walton,Balanced,9700.94,U.S.,0.65,0.15,0.99,0.05,High,Above Benchmark,Yes,Yes,No,No,No,None
PORT_40b0b4dc,Christopher Bautista,Balanced,6832.0,Asia-Pacific,0.66,0.89,0.58,0.27,Low,Meeting Benchmark,No,No,Yes,Yes,No,None
PORT_b272b026,Edward Stephens,Balanced,4408.24,Asia-Pacific,0.68,0.81,0.14,0.5,Low,Meeting Benchmark,No,Yes,No,Yes,No,None
PORT_d5a1f25f,Nicolas Fox,Hedge Fund,1325.9,Asia-Pacific,0.55,0.11,0.37,0.38,Moderate,Above Benchmark,No,No,No,Yes,No,None
PORT_03583e95,Sara Cobb,Equity,9917.57,U.S.,0.05,0.46,0.16,0.74,Low,Meeting Benchmark,Yes,No,No,Yes,No,None
PORT_29119ffe,Jason Doyle,Hedge Fund,8420.77,Asia-Pacific,0.15,0.72,0.61,0.99,High,Meeting Benchmark,Yes,No,No,Yes,No,None
PORT_89275767,Kathleen Galvan,Real Assets,7443.68,U.S.,0.56,0.41,0.67,0.7,High,Meeting Benchmark,No,No,Yes,Yes,No,None
PORT_e493247a,Michael Humphrey,Equity,7614.55,Asia-Pacific,0.75,0.92,0.51,0.56,Low,Meeting Benchmark,No,No,No,No,No,None
PORT_f6f184ef,Ricky Ward,Real Assets,8064.06,EU,0.24,0.99,0.66,0.64,Moderate,Below Benchmark,No,No,Yes,Yes,No,None
PORT_75559ae4,Christopher Richmond,Fixed Income,3080.81,Asia-Pacific,0.52,0.71,0.76,0.35,High,Below Benchmark,No,Yes,No,Yes,Yes,Style Drift
PORT_6cac825b,Jason Davis,Real Assets,905.72,U.S.,0.81,0.11,0.83,0.52,High,Above Benchmark,Yes,Yes,No,No,No,None
PORT_e1becc2e,Lindsey Calderon,Balanced,1097.2,Asia-Pacific,0.7,0.47,0.79,0.7,High,Above Benchmark,No,Yes,Yes,Yes,No,None
PORT_2f9a12e8,Daniel Miller,Equity,7340.23,EU,0.2,0.51,0.01,0.8,Moderate,Below Benchmark,Yes,Yes,Yes,No,No,None
PORT_b15c0fb3,William Reyes,Hedge Fund,6643.15,EU,0.13,0.78,0.78,0.09,Moderate,Below Benchmark,No,No,No,No,No,None
PORT_d24c02d1,Rhonda Orr,Hedge Fund,5662.71,U.S.,0.94,1.0,0.02,0.74,Moderate,Below Benchmark,Yes,No,Yes,Yes,No,None
PORT_ee7ed7f2,Stephanie Marquez,Balanced,455.86,Global,0.42,0.97,0.63,0.91,High,Below Benchmark,No,No,Yes,Yes,No,None
PORT_f16dd198,Ricardo Coleman,Hedge Fund,824.11,EU,0.21,0.66,0.27,0.84,High,Above Benchmark,No,No,No,No,No,None
PORT_92fb5287,Michael Bowers,Balanced,4411.13,Asia-Pacific,0.91,1.0,0.02,0.26,Moderate,Meeting Benchmark,No,No,Yes,Yes,Yes,Style Drift
PORT_dfb0e4dc,Jonathan Wolf,Hedge Fund,9342.32,Asia-Pacific,0.94,0.84,0.5,0.6,High,Above Benchmark,Yes,Yes,Yes,No,No,None
PORT_169255af,Dawn Richards,Real Assets,2262.86,EU,0.02,0.24,0.56,0.98,Moderate,Above Benchmark,Yes,No,Yes,No,No,None
PORT_dfc4f5e5,Susan Gonzalez,Real Assets,1053.72,EU,0.72,0.46,0.77,0.19,Moderate,Above Benchmark,No,Yes,No,Yes,No,None
PORT_9fc66289,Benjamin Bullock,Equity,9312.23,Asia-Pacific,0.47,0.57,0.01,0.3,Moderate,Above Benchmark,No,Yes,Yes,Yes,No,None
PORT_9898ac3b,Kyle West,Balanced,4300.12,Global,0.19,0.28,0.19,0.22,Moderate,Meeting Benchmark,No,Yes,Yes,Yes,No,None
PORT_4fed2bd5,Timothy James,Equity,6090.35,Asia-Pacific,0.08,0.02,0.88,0.72,Low,Above Benchmark,No,Yes,No,Yes,No,None
PORT_702afc4d,Jackie Fernandez,Equity,491.74,EU,0.18,0.32,0.14,0.41,High,Above Benchmark,Yes,Yes,No,Yes,No,None
PORT_1377a576,John Garcia,Hedge Fund,4200.22,EU,0.9,0.89,0.88,0.5,Low,Meeting Benchmark,Yes,No,No,No,No,None
PORT_552962da,Felicia White,Balanced,6415.65,U.S.,0.08,0.78,0.33,0.27,Low,Below Benchmark,No,Yes,No,No,No,None
PORT_e8f5a8b1,Jared Frederick,Balanced,4816.6,Global,0.41,0.28,0.98,0.48,High,Meeting Benchmark,No,Yes,No,Yes,No,None
PORT_190839b4,Kevin Stewart,Hedge Fund,8298.16,U.S.,0.71,0.99,0.32,0.4,Low,Meeting Benchmark,Yes,No,Yes,Yes,No,None
PORT_e06546d5,Michelle Rodriguez,Fixed Income,8652.1,Global,0.64,0.23,0.6,0.79,High,Below Benchmark,Yes,Yes,No,No,No,None
PORT_e6eea893,Cathy Odonnell,Fixed Income,1893.74,Global,0.96,0.41,0.74,0.11,High,Meeting Benchmark,Yes,No,Yes,Yes,No,None
PORT_2f7bf9af,Ronald Reese,Balanced,9828.57,EU,0.61,0.02,0.82,0.04,Moderate,Meeting Benchmark,No,Yes,Yes,Yes,No,None
PORT_57d962de,Jennifer Wilson,Real Assets,9590.33,EU,0.87,0.32,0.45,0.19,Moderate,Below Benchmark,Yes,Yes,No,No,Yes,Style Drift
PORT_b197d0c9,Christopher Clayton,Equity,3803.36,Global,0.75,0.73,0.92,0.66,Low,Above Benchmark,No,Yes,Yes,No,No,None
PORT_6f568642,Stephen Quinn,Fixed Income,2343.6,Global,0.94,0.7,0.46,0.65,High,Above Benchmark,No,Yes,No,No,No,None
PORT_be4286bc,Brett Valdez,Equity,3065.87,EU,0.69,0.63,0.76,0.15,Low,Below Benchmark,Yes,No,No,No,No,None
PORT_eb6dd946,Jason Madden,Balanced,1968.92,Asia-Pacific,0.45,0.28,0.53,0.97,Moderate,Meeting Benchmark,No,Yes,Yes,No,No,None
PORT_1c59f9bd,David Tucker,Fixed Income,435.67,U.S.,0.11,0.81,0.73,0.72,High,Above Benchmark,No,No,Yes,No,No,None
PORT_975db635,Hayden Weaver,Fixed Income,5060.9,U.S.,0.89,0.76,0.05,0.15,Low,Above Benchmark,Yes,No,No,No,No,None
PORT_f6dd1b48,Susan Norris,Equity,8307.2,Asia-Pacific,0.02,0.67,0.11,0.32,Low,Meeting Benchmark,No,No,Yes,Yes,No,None
PORT_c16a8f56,Alan Lawrence,Real Assets,7864.77,EU,0.24,0.19,0.61,0.64,Low,Meeting Benchmark,Yes,Yes,Yes,No,No,None
PORT_b1debf78,Roberta Ferrell,Hedge Fund,6289.6,Asia-Pacific,0.92,0.84,0.34,0.97,High,Below Benchmark,No,No,No,No,No,None
PORT_6fc81343,Kristi Williamson,Real Assets,4344.25,Asia-Pacific,0.3,0.05,0.49,0.18,Low,Below Benchmark,Yes,Yes,No,No,No,None
PORT_e031c0f3,Justin Riley,Hedge Fund,9067.22,Global,0.25,0.57,0.96,0.91,High,Meeting Benchmark,Yes,Yes,No,No,Yes,Style Drift
PORT_ded1c3b8,Meredith Jimenez,Equity,1335.6,Global,0.0,0.74,0.9,0.24,High,Below Benchmark,Yes,Yes,No,Yes,No,None
PORT_c92a4c69,Jerry Dalton,Fixed Income,3905.87,U.S.,0.27,0.9,0.53,0.11,High,Below Benchmark,No,No,No,No,Yes,Style Drift
PORT_455c2d17,Kevin Roberson,Fixed Income,5436.08,Global,0.49,0.13,0.32,0.16,High,Meeting Benchmark,No,Yes,No,Yes,No,None
PORT_70a7d13f,Adam Boyle,Real Assets,6998.83,Asia-Pacific,0.74,0.35,0.76,0.67,High,Above Benchmark,Yes,No,No,No,No,None
PORT_dcbb9ee5,Colin Jones,Hedge Fund,1839.11,Global,0.11,0.21,0.52,0.98,Low,Below Benchmark,No,Yes,No,No,Yes,Style Drift
PORT_3dd4bda4,Alexis Morgan MD,Balanced,3904.7,EU,0.34,0.99,0.06,0.19,Moderate,Above Benchmark,No,No,Yes,No,No,None
PORT_7afd0696,Melissa Robinson,Balanced,6140.21,Global,0.29,0.46,0.49,0.4,High,Meeting Benchmark,Yes,Yes,Yes,Yes,No,None
PORT_0948595a,Darlene Clark,Hedge Fund,3325.33,U.S.,0.55,0.99,0.45,0.68,High,Meeting Benchmark,No,No,Yes,Yes,No,None
PORT_46566ee0,Julie Gregory,Real Assets,5632.4,U.S.,0.61,0.43,0.86,0.89,Moderate,Below Benchmark,Yes,Yes,No,No,No,None
PORT_a274617e,Brianna Sparks,Balanced,2496.18,U.S.,0.39,0.83,0.11,0.09,High,Meeting Benchmark,No,No,Yes,No,No,None
PORT_5175b3b0,Nancy Jones,Real Assets,8987.35,U.S.,0.51,0.77,0.26,0.2,Low,Meeting Benchmark,No,Yes,No,No,No,None
PORT_95423e49,Matthew Peterson,Fixed Income,8990.43,Global,0.97,0.99,0.28,0.92,Moderate,Above Benchmark,Yes,Yes,Yes,No,No,None
PORT_91ec572e,Christopher Parker,Real Assets,7194.41,U.S.,0.49,0.12,0.15,0.98,Low,Meeting Benchmark,No,Yes,Yes,No,No,None
PORT_0d0371d7,Joseph Mendoza,Equity,426.08,EU,0.78,0.78,0.47,0.83,Low,Above Benchmark,Yes,Yes,Yes,Yes,No,None
PORT_f481a29c,Teresa Novak,Equity,2219.5,U.S.,0.67,0.16,0.63,0.47,Low,Above Benchmark,No,No,Yes,Yes,No,None
PORT_1045bd26,Karen Smith,Balanced,1245.89,Asia-Pacific,0.11,0.34,0.1,0.03,Low,Below Benchmark,Yes,No,Yes,Yes,No,None
PORT_fecbad1c,Lisa Patterson,Real Assets,4697.51,EU,0.24,0.07,0.53,0.82,Low,Above Benchmark,Yes,Yes,No,Yes,No,None
PORT_d6f8ea9d,Jeffrey Mcintyre,Equity,5945.03,U.S.,0.5,0.58,0.27,0.29,High,Meeting Benchmark,Yes,Yes,Yes,No,No,None
PORT_2165bb83,Dustin Clark,Hedge Fund,3975.41,Asia-Pacific,0.1,0.15,0.76,0.11,Moderate,Meeting Benchmark,No,Yes,Yes,No,No,None
PORT_31a12959,Anthony Miller,Fixed Income,661.54,U.S.,0.43,0.14,0.58,0.87,Low,Below Benchmark,Yes,Yes,No,No,No,None
PORT_a0574d12,Matthew Schmidt,Equity,1518.53,Global,0.84,0.34,0.02,0.47,Moderate,Above Benchmark,Yes,No,Yes,No,Yes,None
PORT_df6a4818,Keith Turner,Fixed Income,9763.69,U.S.,0.46,0.27,0.12,0.9,Moderate,Below Benchmark,No,Yes,Yes,No,Yes,Diversification Breach
PORT_3f679790,Jordan Gray,Hedge Fund,1020.08,Global,0.96,0.17,0.55,0.07,Low,Below Benchmark,No,Yes,No,No,No,None
PORT_267fa218,Dr. Cynthia Wood,Balanced,8839.56,Global,0.06,0.34,0.88,0.54,High,Meeting Benchmark,No,No,No,No,No,None
PORT_10bc3f26,Kristine Fleming,Fixed Income,9250.54,U.S.,0.18,0.04,0.68,0.83,Low,Below Benchmark,Yes,No,No,Yes,No,None
PORT_afb399e1,April Smith,Hedge Fund,9799.0,Global,0.69,0.69,0.37,0.84,High,Below Benchmark,Yes,Yes,Yes,Yes,No,None
PORT_9a39355b,Catherine Lewis,Hedge Fund,266.96,Global,0.53,0.44,0.58,0.99,Moderate,Meeting Benchmark,No,No,Yes,No,No,None
PORT_3361f509,Lisa Bailey,Hedge Fund,281.03,Global,0.93,0.76,0.32,0.68,Low,Meeting Benchmark,No,Yes,Yes,No,No,None
PORT_d4dd8a7e,Christina Hernandez,Equity,9007.83,U.S.,0.12,0.14,0.33,0.57,High,Above Benchmark,Yes,Yes,Yes,No,No,None
PORT_1b0e1de5,Michael Scott,Fixed Income,1707.28,Global,0.48,0.99,0.26,0.5,Moderate,Meeting Benchmark,Yes,Yes,Yes,No,No,None
PORT_9536dce6,Ms. Jillian Mccoy,Real Assets,1954.88,U.S.,0.27,0.53,0.47,0.22,Moderate,Below Benchmark,Yes,Yes,No,Yes,No,None
PORT_d3adeb7b,Ronnie Barnes,Balanced,8348.64,Global,0.94,0.6,0.24,0.24,Moderate,Above Benchmark,Yes,Yes,Yes,No,No,None
PORT_e632e113,Katherine Best,Fixed Income,8630.85,Asia-Pacific,0.66,0.43,0.9,0.87,Moderate,Meeting Benchmark,No,Yes,Yes,No,No,None
PORT_5404c0fe,Miss Ashley Garcia,Balanced,7314.17,Asia-Pacific,0.13,0.8,0.04,0.36,Low,Meeting Benchmark,No,No,Yes,Yes,No,None
PORT_4f6c58c5,Dorothy Wilkinson,Hedge Fund,7313.81,Asia-Pacific,0.94,0.22,0.64,0.91,Low,Above Benchmark,No,Yes,No,No,No,None
PORT_40b681b4,Michael Hall,Equity,8004.68,EU,0.38,0.67,0.77,0.35,High,Meeting Benchmark,No,Yes,Yes,No,No,None
PORT_694954d5,Edward Ellison,Real Assets,4320.62,Global,0.02,0.73,0.76,0.15,High,Above Benchmark,Yes,No,Yes,No,No,None
PORT_76824527,Michael Ryan,Balanced,3690.0,U.S.,0.43,0.27,0.19,0.11,Moderate,Below Benchmark,Yes,Yes,No,Yes,No,None
PORT_853ecf85,Kenneth Garcia,Hedge Fund,2085.97,Global,0.39,0.65,0.92,0.29,Moderate,Above Benchmark,No,Yes,No,Yes,No,None
PORT_c1051c21,Cheryl Weaver,Real Assets,5682.81,EU,0.1,0.81,0.44,0.08,High,Below Benchmark,Yes,Yes,Yes,Yes,No,None
PORT_46e1e22b,Steven Moreno,Balanced,4783.18,EU,0.72,0.23,0.9,0.93,Low,Below Benchmark,Yes,No,No,No,No,None
PORT_52605e68,Michael Allen,Equity,2544.63,EU,0.16,0.82,0.98,0.84,Low,Meeting Benchmark,Yes,Yes,No,No,No,None
PORT_57700788,Austin Higgins,Real Assets,9566.18,Asia-Pacific,0.14,0.76,0.38,0.2,Moderate,Below Benchmark,Yes,No,No,Yes,No,None
PORT_b412eb20,Joshua Anderson,Balanced,3826.68,Asia-Pacific,0.65,0.61,0.11,0.92,Moderate,Above Benchmark,No,Yes,No,No,No,None
PORT_2c4e3029,Matthew Phillips,Fixed Income,8328.8,U.S.,0.68,0.58,0.13,0.07,Low,Below Benchmark,Yes,No,No,No,No,None
PORT_2ee040ea,Brent Campos,Balanced,6371.48,Asia-Pacific,0.69,0.85,0.87,0.02,Low,Below Benchmark,No,Yes,No,Yes,No,None
PORT_3451d463,Barbara Sheppard,Equity,1233.98,Global,0.13,0.35,0.09,0.41,High,Above Benchmark,No,Yes,Yes,Yes,No,None
PORT_93483130,Michael Kennedy,Equity,4708.11,U.S.,0.57,0.63,0.22,0.74,Low,Above Benchmark,Yes,No,Yes,Yes,No,None
PORT_bdd4d695,Angela Ramirez,Balanced,3888.91,U.S.,0.32,0.26,0.73,0.53,Low,Below Benchmark,No,Yes,Yes,Yes,Yes,Diversification Breach
PORT_095b3bae,Mr. Daniel Merritt PhD,Equity,147.74,Global,0.87,0.72,0.83,0.07,High,Meeting Benchmark,Yes,Yes,Yes,Yes,No,None
PORT_fe92a0f9,Caroline Garcia,Fixed Income,4788.39,Global,0.45,0.83,0.66,0.59,Low,Meeting Benchmark,Yes,Yes,No,Yes,No,None
PORT_3670c791,Paul Allen,Balanced,8375.44,Asia-Pacific,0.93,0.12,0.05,0.72,Low,Meeting Benchmark,Yes,No,No,No,No,None
PORT_8978cae9,Jason Wilson,Real Assets,1235.02,EU,0.11,0.93,0.49,0.33,Low,Above Benchmark,No,Yes,Yes,No,Yes,Conflict of Interest
PORT_529ab771,Zachary Mcdonald,Fixed Income,5060.77,Asia-Pacific,0.09,0.09,0.92,0.68,Low,Meeting Benchmark,Yes,No,Yes,Yes,No,None
PORT_2a530ef6,Antonio West,Real Assets,9858.85,EU,0.76,0.28,0.14,0.99,Low,Meeting Benchmark,No,Yes,Yes,No,Yes,None
PORT_6da2ec6c,Elizabeth Dalton,Balanced,3455.34,U.S.,0.95,0.35,0.0,0.28,Moderate,Below Benchmark,Yes,Yes,No,No,No,None
PORT_08d984fe,Robert Hill,Hedge Fund,5650.3,Asia-Pacific,0.06,0.9,0.21,0.15,Moderate,Meeting Benchmark,Yes,No,Yes,Yes,No,None
PORT_7f4771c1,Jennifer Anderson,Fixed Income,9039.5,Global,0.09,0.43,0.23,0.87,High,Above Benchmark,No,Yes,No,Yes,Yes,Conflict of Interest
PORT_f910e89d,Caroline Fowler,Real Assets,100.49,EU,0.9,0.02,0.48,0.77,Moderate,Above Benchmark,Yes,Yes,No,No,No,None
PORT_780c3e11,Alexander Francis,Equity,8121.68,Global,0.09,0.29,0.99,0.29,High,Meeting Benchmark,Yes,No,Yes,Yes,No,None
PORT_5519c4b3,Lauren Miller,Equity,802.26,U.S.,0.32,0.83,0.38,0.81,Low,Below Benchmark,No,No,Yes,Yes,Yes,Conflict of Interest
PORT_ad037826,Amanda Cross,Balanced,7930.33,EU,0.97,0.56,0.81,0.66,High,Below Benchmark,Yes,Yes,Yes,Yes,No,None
PORT_b48b3c5e,Michael Anderson,Real Assets,4726.5,Asia-Pacific,0.49,0.01,0.54,0.8,Moderate,Below Benchmark,Yes,No,Yes,No,No,None
PORT_f478ba34,Brandy Wheeler,Hedge Fund,5777.64,Global,0.06,0.41,0.37,0.94,Low,Above Benchmark,Yes,Yes,No,No,Yes,Diversification Breach
PORT_6fba6b11,William Hernandez,Real Assets,8807.34,Global,0.49,0.54,0.54,0.08,Moderate,Meeting Benchmark,No,Yes,No,Yes,No,None
PORT_1db17e02,Michael Avery,Equity,2955.03,U.S.,0.48,0.71,0.08,0.14,High,Below Benchmark,No,No,No,No,No,None
PORT_1e64d282,Julia Solis,Balanced,742.84,EU,0.12,0.67,0.97,0.78,Moderate,Below Benchmark,Yes,Yes,Yes,No,No,None
PORT_9974d02c,Kathleen Davis,Balanced,489.26,EU,0.49,0.32,0.83,0.24,High,Meeting Benchmark,Yes,Yes,Yes,Yes,No,None
PORT_8c433cfe,Sarah Christensen,Real Assets,6447.66,Asia-Pacific,0.51,0.99,0.2,0.45,High,Meeting Benchmark,No,Yes,Yes,Yes,Yes,Diversification Breach
PORT_85e77513,Jeremy Williamson Jr.,Hedge Fund,323.69,U.S.,0.52,0.96,0.69,0.99,Moderate,Below Benchmark,No,Yes,No,Yes,No,None
PORT_dbb2949c,Danielle Murphy,Real Assets,4278.72,Asia-Pacific,0.41,0.24,0.7,0.98,High,Meeting Benchmark,Yes,Yes,No,No,No,None
PORT_86a16a93,Lauren Johnson,Fixed Income,1248.33,Asia-Pacific,0.1,0.05,0.18,0.4,Low,Meeting Benchmark,Yes,Yes,Yes,No,No,None
PORT_3b8f0326,Teresa Vasquez,Balanced,9328.46,U.S.,0.61,0.63,0.5,0.45,High,Meeting Benchmark,Yes,No,No,Yes,No,None
PORT_f3a5d070,Ethan Buck,Fixed Income,4002.05,EU,0.94,0.76,0.49,0.52,Moderate,Meeting Benchmark,No,No,No,No,Yes,Style Drift
PORT_905f5dc5,Jason Tran,Balanced,9373.49,U.S.,0.21,0.03,0.56,0.57,Low,Meeting Benchmark,No,Yes,No,No,No,None
PORT_95627d32,Ryan Lang,Balanced,5250.73,U.S.,0.84,0.71,0.87,0.32,Moderate,Meeting Benchmark,No,Yes,No,Yes,No,None
PORT_82d47f16,William Thomas,Hedge Fund,3641.59,U.S.,0.9,0.34,0.74,0.62,High,Meeting Benchmark,Yes,No,Yes,No,No,None
PORT_f08e1eaa,Kelly Medina,Balanced,4662.16,U.S.,0.19,0.72,0.35,0.53,Moderate,Meeting Benchmark,Yes,Yes,Yes,Yes,No,None
PORT_d6675ce1,Terry Lynch,Balanced,4171.05,Asia-Pacific,0.83,0.8,0.57,0.98,Moderate,Below Benchmark,No,Yes,No,Yes,No,None
PORT_5dddc594,Sean Steele,Equity,2806.73,EU,0.12,0.45,0.43,0.09,High,Meeting Benchmark,Yes,Yes,Yes,Yes,No,None
PORT_1b1b92b5,Karen Reed,Equity,4984.92,U.S.,0.65,0.7,0.04,0.65,Moderate,Below Benchmark,Yes,Yes,Yes,No,No,None
PORT_230e1e3f,Eric Price DDS,Fixed Income,9725.23,Global,0.03,0.22,0.77,0.53,High,Below Benchmark,No,Yes,No,Yes,No,None
PORT_dc483027,Andrea Sutton,Equity,6362.1,Asia-Pacific,0.99,0.46,0.54,0.9,Low,Below Benchmark,No,No,Yes,No,No,None
PORT_37b80a0e,Scott Tran,Real Assets,1080.89,Asia-Pacific,0.36,0.86,0.57,0.65,High,Above Benchmark,No,Yes,Yes,Yes,No,None
PORT_64bbcf6e,Richard Johnson,Real Assets,3921.34,EU,0.57,0.39,0.89,0.38,Moderate,Above Benchmark,No,Yes,Yes,No,No,None
PORT_f840bd92,Taylor Martinez,Hedge Fund,1861.3,U.S.,0.44,0.7,0.34,0.2,Moderate,Above Benchmark,No,Yes,Yes,Yes,No,None
PORT_5bc06ba1,Nicole Arias,Equity,4453.94,EU,0.09,0.01,0.43,0.38,Moderate,Meeting Benchmark,No,No,Yes,No,Yes,Diversification Breach
PORT_156a296c,John Page,Hedge Fund,3174.95,Asia-Pacific,0.75,0.94,0.33,0.98,Low,Above Benchmark,Yes,Yes,No,Yes,No,None
PORT_053e47ab,Joshua Pena,Hedge Fund,7862.59,Asia-Pacific,0.15,0.93,0.02,0.49,Moderate,Meeting Benchmark,No,Yes,Yes,No,No,None
PORT_36b26be9,Shawn Grimes,Real Assets,4484.78,U.S.,0.22,0.99,0.04,0.49,Low,Below Benchmark,No,No,Yes,No,No,None
PORT_8ad909ea,Cynthia Robinson,Balanced,6559.85,EU,0.11,0.65,0.46,0.96,Moderate,Meeting Benchmark,Yes,Yes,No,No,No,None
PORT_fb70418e,James Fernandez,Equity,3991.77,Asia-Pacific,0.88,0.77,0.92,0.22,High,Below Benchmark,Yes,Yes,Yes,No,No,None
PORT_c402b637,Regina Hale,Balanced,4256.77,Asia-Pacific,0.29,0.87,0.46,0.43,High,Above Benchmark,Yes,Yes,No,No,No,None
PORT_9e30ffc0,Melissa Griffin,Real Assets,3722.57,Global,0.48,0.53,0.22,0.78,Moderate,Above Benchmark,Yes,Yes,No,No,Yes,None
PORT_4e46aeae,Jared Shaffer,Balanced,9283.75,Asia-Pacific,0.64,0.57,0.24,0.5,High,Meeting Benchmark,Yes,Yes,Yes,No,No,None
PORT_5e91b9e4,Anthony Ray,Fixed Income,4741.08,Global,0.13,0.25,0.55,0.4,Moderate,Meeting Benchmark,No,Yes,No,No,Yes,Conflict of Interest
PORT_eb41fc9f,Anthony Lowery,Fixed Income,7158.96,U.S.,0.89,0.64,0.69,0.23,Moderate,Meeting Benchmark,Yes,No,Yes,Yes,No,None
PORT_6ff9fbd1,Samantha Mathis,Balanced,650.93,Global,0.49,0.44,0.43,0.61,Moderate,Above Benchmark,Yes,No,No,No,No,None
PORT_e83ce2a3,Jason Weber,Fixed Income,6178.64,Asia-Pacific,0.22,0.61,0.29,0.55,High,Below Benchmark,Yes,No,No,Yes,No,None
PORT_cd0a5bc5,Paul Santos,Balanced,8316.61,U.S.,0.13,0.94,0.48,0.39,Low,Below Benchmark,Yes,Yes,Yes,Yes,No,None
PORT_ea40c7c2,Christopher Johnson,Balanced,9106.48,Global,0.8,0.83,0.91,0.28,High,Above Benchmark,No,Yes,Yes,Yes,Yes,Diversification Breach
PORT_940c53c5,Amy Gonzalez,Equity,6080.19,Asia-Pacific,0.6,0.67,0.96,0.26,High,Above Benchmark,Yes,No,No,Yes,No,None
PORT_c41e3fe1,Donald Hale,Balanced,1619.18,EU,0.61,0.49,0.73,0.77,High,Below Benchmark,No,No,No,No,No,None
PORT_f24ccdd1,Brian Dillon,Real Assets,8951.09,U.S.,0.83,0.59,0.61,0.55,Moderate,Above Benchmark,No,No,No,Yes,No,None
PORT_3e151ece,David Daniel,Fixed Income,7136.43,U.S.,0.16,0.63,0.51,0.15,Low,Above Benchmark,No,No,No,Yes,No,None
PORT_686e3914,Joseph Scott,Balanced,8242.67,EU,0.51,0.45,0.54,0.98,Low,Below Benchmark,Yes,Yes,No,Yes,No,None
PORT_fa494ed5,Angela Smith,Real Assets,1003.68,U.S.,0.67,0.67,0.61,0.7,Moderate,Above Benchmark,No,No,No,No,Yes,Conflict of Interest
PORT_448148c1,Leah Blackwell,Equity,3491.91,Global,0.81,0.0,0.32,0.15,High,Meeting Benchmark,No,Yes,No,Yes,No,None
PORT_275b21e7,Amy Kerr,Real Assets,1639.26,EU,0.14,0.12,0.6,0.85,High,Above Benchmark,No,Yes,Yes,Yes,No,None
PORT_256af5fd,Megan Curtis,Hedge Fund,2288.1,Global,0.54,0.92,0.1,0.31,Low,Below Benchmark,No,No,Yes,No,No,None
PORT_4b7bee7b,Lisa Rowland,Hedge Fund,256.65,EU,0.78,0.29,0.13,0.79,Low,Below Benchmark,Yes,No,No,No,No,None
PORT_e1cc17b7,Tammy Mitchell,Real Assets,3096.83,EU,0.83,0.53,0.43,0.73,High,Below Benchmark,No,Yes,No,No,Yes,Conflict of Interest
PORT_40edbe2c,Danielle Barton,Real Assets,440.96,Asia-Pacific,0.47,0.42,0.75,0.03,Moderate,Meeting Benchmark,No,Yes,No,Yes,No,None
PORT_cf360145,Christian Thompson,Balanced,2477.88,EU,0.15,0.23,0.36,0.87,High,Meeting Benchmark,Yes,No,Yes,Yes,No,None
PORT_7f38a421,Nicholas Gomez,Real Assets,2932.14,Global,0.74,0.45,0.86,0.78,Moderate,Below Benchmark,No,Yes,Yes,No,No,None
PORT_d34a5e8e,Ashley Garcia,Equity,2760.76,EU,0.27,0.84,0.23,0.33,Moderate,Above Benchmark,Yes,Yes,No,No,No,None
PORT_aa49eed4,Pamela Anderson,Equity,538.92,Asia-Pacific,0.59,0.08,0.4,0.71,Moderate,Meeting Benchmark,No,Yes,Yes,Yes,Yes,None
PORT_4ed6fc5b,Christopher Clayton,Balanced,6117.01,Asia-Pacific,0.94,0.41,1.0,0.09,Low,Meeting Benchmark,No,No,No,No,No,None
PORT_7ce46c30,Carly Johnson,Real Assets,1029.9,Global,0.99,0.06,0.29,0.29,Moderate,Meeting Benchmark,No,Yes,Yes,No,No,None
PORT_b7c2ddee,Lori Trevino,Equity,9846.31,Asia-Pacific,0.23,0.56,0.47,0.27,Moderate,Above Benchmark,Yes,No,No,Yes,No,None
PORT_77d044e6,Tammy Lewis,Fixed Income,7105.63,Global,0.9,0.88,0.97,0.76,Low,Below Benchmark,Yes,Yes,Yes,No,Yes,Diversification Breach
PORT_24af1581,Joann Thornton,Hedge Fund,1918.13,EU,0.33,0.24,0.37,0.41,Low,Below Benchmark,Yes,No,Yes,Yes,No,None
PORT_5af541b2,Jacob Garcia,Equity,2970.58,Global,0.22,0.7,0.48,0.91,Moderate,Below Benchmark,Yes,Yes,Yes,No,No,None
PORT_26a17b9e,Shawn Harris,Hedge Fund,8626.78,Asia-Pacific,0.9,0.5,0.57,0.75,High,Above Benchmark,No,No,Yes,Yes,No,None
PORT_554111cf,James Hawkins,Real Assets,9404.23,Asia-Pacific,0.65,0.13,0.66,0.5,Moderate,Above Benchmark,No,No,Yes,No,No,None
PORT_8f4987a0,Zachary Huffman,Real Assets,4111.57,Global,0.01,0.28,0.11,0.72,Moderate,Below Benchmark,No,No,No,Yes,No,None
PORT_f875b03d,Ronald Sanchez,Hedge Fund,5352.19,U.S.,0.49,0.83,0.68,0.57,Low,Meeting Benchmark,Yes,No,Yes,No,No,None
PORT_77eaa0ce,Robert Coleman,Hedge Fund,2674.15,EU,0.89,0.31,0.34,0.23,Moderate,Below Benchmark,No,No,Yes,No,Yes,None
PORT_b11d7e9d,Curtis Ward,Equity,5003.0,Asia-Pacific,0.99,1.0,0.58,0.05,High,Above Benchmark,Yes,No,No,No,No,None
PORT_2f17ba2c,Matthew Brown,Fixed Income,9243.01,Global,0.61,0.1,0.05,0.04,High,Above Benchmark,No,Yes,Yes,Yes,No,None
PORT_b329a0c0,Jeffrey Bentley,Fixed Income,956.85,Asia-Pacific,0.59,0.89,0.57,0.19,Moderate,Below Benchmark,No,Yes,No,Yes,No,None
PORT_52e25e62,Michael Logan,Equity,9767.09,Global,0.24,0.02,0.78,0.73,Low,Above Benchmark,Yes,Yes,No,No,No,None
PORT_05d3cdb9,William Wagner,Fixed Income,7386.0,Asia-Pacific,0.1,0.43,0.77,0.97,Low,Above Benchmark,No,Yes,No,No,No,None
PORT_bba889cd,Annette Alvarez,Fixed Income,3627.94,Global,0.2,0.33,0.53,0.68,Low,Meeting Benchmark,Yes,No,Yes,No,Yes,Conflict of Interest
PORT_aa058d45,Alejandra Trevino,Hedge Fund,9209.2,Asia-Pacific,0.65,0.64,0.27,0.91,Moderate,Below Benchmark,No,Yes,No,No,No,None
PORT_1467ea17,Deanna Bryan,Real Assets,1661.33,Asia-Pacific,0.33,0.53,0.92,0.95,Moderate,Above Benchmark,No,No,No,No,No,None
PORT_401a6c92,Alan Brooks,Fixed Income,1235.87,Global,0.71,0.33,0.62,0.07,High,Below Benchmark,Yes,No,Yes,No,No,None
PORT_18b17e9b,William Johnson,Balanced,9173.13,EU,0.43,0.08,0.78,0.79,Low,Above Benchmark,Yes,Yes,No,No,No,None
PORT_935e0b6e,Micheal Lane,Real Assets,2788.68,U.S.,0.33,0.76,0.04,0.71,Low,Below Benchmark,Yes,No,Yes,No,No,None
PORT_476eff52,Felicia Townsend,Balanced,2488.0,U.S.,0.4,0.32,0.1,0.96,High,Meeting Benchmark,No,Yes,No,No,No,None
PORT_b0a7d322,Sabrina Guerra,Equity,4652.85,Asia-Pacific,0.01,0.47,0.42,0.23,Moderate,Above Benchmark,Yes,Yes,No,No,No,None
PORT_2f7da87a,Nicole Morgan,Real Assets,7159.43,U.S.,0.04,0.22,0.56,0.06,Moderate,Above Benchmark,No,Yes,No,Yes,No,None
PORT_da8c1751,Amanda Hale,Equity,6933.3,Asia-Pacific,0.34,0.02,0.29,0.72,Moderate,Above Benchmark,Yes,Yes,No,No,No,None
PORT_e799cddd,Jonathan Sanchez,Equity,9040.61,EU,0.2,0.1,0.17,0.33,Low,Meeting Benchmark,Yes,No,Yes,No,No,None
